<?xml version = '1.0' encoding = 'UTF-8'?>
<Diagram class="oracle.dbtools.crest.swingui.relational.DPVRelational" name="Relational_1" id="77633092-EBA5-5218-02F8-89F356D0DBCB">
<createdBy>Acer</createdBy>
<modifiedBy>Acer</modifiedBy>
<createdTime>2024-08-29 02:42:48 UTC</createdTime>
<autoRoute>false</autoRoute>
<boxInbox>true</boxInbox>
<showLegend>false</showLegend>
<showLabels>false</showLabels>
<showRelAttributes>false</showRelAttributes>
<gridEnabled>false</gridEnabled>
<showGrid>false</showGrid>
<diagramColor>-1</diagramColor>
<display>false</display>
<notation>1</notation>
<objectViews>
<OView class="oracle.dbtools.crest.swingui.relational.TVTable" oid="030D3CAF-6433-B514-E91F-3ECE898797BB" otype="Table" vid="8D562676-9F60-F353-044E-D6074A378836">
<hideElementsInCurrentOnly>false</hideElementsInCurrentOnly>
<bounds x="1041" y="87" width="372" height="219"/>
</OView>
<OView class="oracle.dbtools.crest.swingui.relational.TVTable" oid="03A802D8-873B-36B9-4492-5080D154BC04" otype="Table" vid="3B13715E-ACD8-1AC7-91CB-9D198AC352E1">
<hideElementsInCurrentOnly>false</hideElementsInCurrentOnly>
<bounds x="758" y="584" width="230" height="129"/>
</OView>
<OView class="oracle.dbtools.crest.swingui.relational.TVTable" oid="18E553D0-8B7A-E100-C8C4-88C15E87822B" otype="Table" vid="7AAD4104-D6A6-957B-A09D-13F9CFA4189A">
<hideElementsInCurrentOnly>false</hideElementsInCurrentOnly>
<bounds x="648" y="2" width="332" height="161"/>
</OView>
<OView class="oracle.dbtools.crest.swingui.relational.TVTable" oid="1DE4CF3D-641A-6070-D525-F866D795451F" otype="Table" vid="FABB6769-2D57-D8A2-5ED9-55D8AA39C92C">
<hideElementsInCurrentOnly>false</hideElementsInCurrentOnly>
<bounds x="120" y="164" width="283" height="121"/>
</OView>
<OView class="oracle.dbtools.crest.swingui.relational.TVTable" oid="31BE35D7-C680-860E-3276-C5B9C02699FD" otype="Table" vid="84DC06E4-6979-1C69-5A06-60FF10935A61">
<hideElementsInCurrentOnly>false</hideElementsInCurrentOnly>
<bounds x="1309" y="392" width="250" height="118"/>
</OView>
<OView class="oracle.dbtools.crest.swingui.relational.TVTable" oid="71BC3FCC-8C8F-D2AB-2067-AD015EEE6487" otype="Table" vid="3FFB52A6-3FE4-FC28-A1FB-10172BDBA410">
<hideElementsInCurrentOnly>false</hideElementsInCurrentOnly>
<bounds x="749" y="370" width="358" height="122"/>
</OView>
<OView class="oracle.dbtools.crest.swingui.relational.TVTable" oid="9DCEE563-2917-E0D6-6ECA-AB9F43FF040C" otype="Table" vid="C6390F1E-A7BE-3B8B-3B7E-CC4344D61457">
<hideElementsInCurrentOnly>false</hideElementsInCurrentOnly>
<bounds x="1612" y="416" width="312" height="116"/>
</OView>
<OView class="oracle.dbtools.crest.swingui.relational.TVTable" oid="A09FFA51-780C-A2F6-F2A3-FDFB666E3712" otype="Table" vid="56447F22-B405-BF8E-57CA-FC49DB36A8A9">
<hideElementsInCurrentOnly>false</hideElementsInCurrentOnly>
<bounds x="280" y="29" width="242" height="94"/>
</OView>
<OView class="oracle.dbtools.crest.swingui.relational.TVTable" oid="B4260F0D-02E5-58AA-4BAA-C58553315E14" otype="Table" vid="F448B51C-633D-3C24-7AD4-BC99FB8A479A">
<hideElementsInCurrentOnly>false</hideElementsInCurrentOnly>
<bounds x="1463" y="156" width="302" height="165"/>
</OView>
<OView class="oracle.dbtools.crest.swingui.relational.TVTable" oid="D1FABD80-C0D3-4747-2780-D1D405EDDE6C" otype="Table" vid="74FAC96B-F18C-762C-300C-348D0356D9DE">
<hideElementsInCurrentOnly>false</hideElementsInCurrentOnly>
<bounds x="555" y="186" width="195" height="115"/>
</OView>
<OView class="oracle.dbtools.crest.swingui.relational.TVTable" oid="E0C3B0BE-55C3-6845-CE4F-E94A35E23356" otype="Table" vid="850D6F46-F42D-CFEC-FF6A-40F27A108BED">
<hideElementsInCurrentOnly>false</hideElementsInCurrentOnly>
<bounds x="1643" y="0" width="319" height="129"/>
</OView>
<OView class="oracle.dbtools.crest.swingui.relational.TVTable" oid="E6A1FFB6-3031-0659-8DCC-274075AA98F0" otype="Table" vid="1CFFD7EE-6C78-9CAB-CCD4-F5BADBCB9843">
<hideElementsInCurrentOnly>false</hideElementsInCurrentOnly>
<bounds x="1544" y="619" width="280" height="240"/>
</OView>
<OView class="oracle.dbtools.crest.swingui.relational.TVTable" oid="EF5666A8-4DB3-5318-3B0F-6D0C6469723D" otype="Table" vid="31C56296-3F8D-EAD8-9207-301F81600CDF">
<hideElementsInCurrentOnly>false</hideElementsInCurrentOnly>
<bounds x="224" y="413" width="262" height="109"/>
</OView>
</objectViews>
<connectors>
<Connector class="oracle.dbtools.crest.swingui.relational.TVFKRelation" oid="04365670-D72D-FD50-E308-AF4449388390" otype="FKIndexAssociation" vid_source="F448B51C-633D-3C24-7AD4-BC99FB8A479A" vid_target="8D562676-9F60-F353-044E-D6074A378836">
<hideElementsInCurrentOnly>false</hideElementsInCurrentOnly>
<backgroundColor>-16777216</backgroundColor>
<lineWidth>1</lineWidth>
<points>
<point x="1463" y="231"/>
<point x="1413" y="231"/>
</points>
</Connector>
<Connector class="oracle.dbtools.crest.swingui.relational.TVFKRelation" oid="14886C5E-878E-EC28-3DED-B82F5C0DD608" otype="FKIndexAssociation" vid_source="3B13715E-ACD8-1AC7-91CB-9D198AC352E1" vid_target="1CFFD7EE-6C78-9CAB-CCD4-F5BADBCB9843">
<hideElementsInCurrentOnly>false</hideElementsInCurrentOnly>
<backgroundColor>-16777216</backgroundColor>
<lineWidth>1</lineWidth>
<points>
<point x="988" y="651"/>
<point x="1544" y="739"/>
</points>
</Connector>
<Connector class="oracle.dbtools.crest.swingui.relational.TVFKRelation" oid="22EA834E-3FDC-9A7E-9EC3-2ACFDE743A2E" otype="FKIndexAssociation" vid_source="850D6F46-F42D-CFEC-FF6A-40F27A108BED" vid_target="C6390F1E-A7BE-3B8B-3B7E-CC4344D61457">
<hideElementsInCurrentOnly>false</hideElementsInCurrentOnly>
<backgroundColor>-16777216</backgroundColor>
<lineWidth>1</lineWidth>
<points>
<point x="1783" y="129"/>
<point x="1783" y="416"/>
</points>
</Connector>
<Connector class="oracle.dbtools.crest.swingui.relational.TVFKRelation" oid="2AB4C4C6-7A28-021E-2CC5-531E89B235FA" otype="FKIndexAssociation" vid_source="8D562676-9F60-F353-044E-D6074A378836" vid_target="3FFB52A6-3FE4-FC28-A1FB-10172BDBA410">
<hideElementsInCurrentOnly>false</hideElementsInCurrentOnly>
<backgroundColor>-16777216</backgroundColor>
<lineWidth>1</lineWidth>
<points>
<point x="1074" y="306"/>
<point x="1074" y="370"/>
</points>
</Connector>
<Connector class="oracle.dbtools.crest.swingui.relational.TVFKRelation" oid="50092551-C4FA-5352-64CD-46E00F5DBA7E" otype="FKIndexAssociation" vid_source="84DC06E4-6979-1C69-5A06-60FF10935A61" vid_target="1CFFD7EE-6C78-9CAB-CCD4-F5BADBCB9843">
<hideElementsInCurrentOnly>false</hideElementsInCurrentOnly>
<backgroundColor>-16777216</backgroundColor>
<lineWidth>1</lineWidth>
<points>
<point x="1551" y="510"/>
<point x="1551" y="619"/>
</points>
</Connector>
<Connector class="oracle.dbtools.crest.swingui.relational.TVFKRelation" oid="52DBE0A5-C014-E4F3-3D52-632640736759" otype="FKIndexAssociation" vid_source="850D6F46-F42D-CFEC-FF6A-40F27A108BED" vid_target="F448B51C-633D-3C24-7AD4-BC99FB8A479A">
<hideElementsInCurrentOnly>false</hideElementsInCurrentOnly>
<backgroundColor>-16777216</backgroundColor>
<lineWidth>1</lineWidth>
<points>
<point x="1704" y="129"/>
<point x="1704" y="156"/>
</points>
</Connector>
<Connector class="oracle.dbtools.crest.swingui.relational.TVFKRelation" oid="56D01202-7683-561A-E222-A286AD8EAED7" otype="FKIndexAssociation" vid_source="FABB6769-2D57-D8A2-5ED9-55D8AA39C92C" vid_target="7AAD4104-D6A6-957B-A09D-13F9CFA4189A">
<hideElementsInCurrentOnly>false</hideElementsInCurrentOnly>
<backgroundColor>-16777216</backgroundColor>
<lineWidth>1</lineWidth>
<points>
<point x="403" y="188"/>
<point x="648" y="125"/>
</points>
</Connector>
<Connector class="oracle.dbtools.crest.swingui.relational.TVFKRelation" oid="570A4198-8F5F-5FC1-520B-E646060092BE" otype="FKIndexAssociation" vid_source="8D562676-9F60-F353-044E-D6074A378836" vid_target="84DC06E4-6979-1C69-5A06-60FF10935A61">
<hideElementsInCurrentOnly>false</hideElementsInCurrentOnly>
<backgroundColor>-16777216</backgroundColor>
<lineWidth>1</lineWidth>
<points>
<point x="1361" y="306"/>
<point x="1361" y="392"/>
</points>
</Connector>
<Connector class="oracle.dbtools.crest.swingui.relational.TVFKRelation" oid="5DE1E9D1-74B8-B9EF-88E4-BC98F945015C" otype="FKIndexAssociation" vid_source="31C56296-3F8D-EAD8-9207-301F81600CDF" vid_target="3B13715E-ACD8-1AC7-91CB-9D198AC352E1">
<hideElementsInCurrentOnly>false</hideElementsInCurrentOnly>
<backgroundColor>-16777216</backgroundColor>
<lineWidth>1</lineWidth>
<points>
<point x="486" y="513"/>
<point x="758" y="608"/>
</points>
</Connector>
<Connector class="oracle.dbtools.crest.swingui.relational.TVFKRelation" oid="61BD0BB3-BB27-F8ED-7E71-86FE988CFFDD" otype="FKIndexAssociation" vid_source="8D562676-9F60-F353-044E-D6074A378836" vid_target="F448B51C-633D-3C24-7AD4-BC99FB8A479A">
<hideElementsInCurrentOnly>false</hideElementsInCurrentOnly>
<backgroundColor>-16777216</backgroundColor>
<lineWidth>1</lineWidth>
<points>
<point x="1413" y="246"/>
<point x="1463" y="246"/>
</points>
</Connector>
<Connector class="oracle.dbtools.crest.swingui.relational.TVFKRelation" oid="73EDAFFE-4D85-CB58-453B-2283EA8E5AD7" otype="FKIndexAssociation" vid_source="7AAD4104-D6A6-957B-A09D-13F9CFA4189A" vid_target="850D6F46-F42D-CFEC-FF6A-40F27A108BED">
<hideElementsInCurrentOnly>false</hideElementsInCurrentOnly>
<backgroundColor>-16777216</backgroundColor>
<lineWidth>1</lineWidth>
<points>
<point x="980" y="65"/>
<point x="1643" y="65"/>
</points>
</Connector>
<Connector class="oracle.dbtools.crest.swingui.relational.TVFKRelation" oid="76B161F7-97E5-199D-78D0-251E0BF024E1" otype="FKIndexAssociation" vid_source="7AAD4104-D6A6-957B-A09D-13F9CFA4189A" vid_target="8D562676-9F60-F353-044E-D6074A378836">
<hideElementsInCurrentOnly>false</hideElementsInCurrentOnly>
<backgroundColor>-16777216</backgroundColor>
<lineWidth>1</lineWidth>
<points>
<point x="980" y="125"/>
<point x="1041" y="125"/>
</points>
</Connector>
<Connector class="oracle.dbtools.crest.swingui.relational.TVFKRelation" oid="8B6269EB-1E7D-BB27-EEBF-E4B4590E2257" otype="FKIndexAssociation" vid_source="1CFFD7EE-6C78-9CAB-CCD4-F5BADBCB9843" vid_target="C6390F1E-A7BE-3B8B-3B7E-CC4344D61457">
<hideElementsInCurrentOnly>false</hideElementsInCurrentOnly>
<backgroundColor>-16777216</backgroundColor>
<lineWidth>1</lineWidth>
<points>
<point x="1718" y="619"/>
<point x="1718" y="532"/>
</points>
</Connector>
<Connector class="oracle.dbtools.crest.swingui.relational.TVFKRelation" oid="9112F127-B36B-310F-42B9-57535C2B4EA9" otype="FKIndexAssociation" vid_source="1CFFD7EE-6C78-9CAB-CCD4-F5BADBCB9843" vid_target="3FFB52A6-3FE4-FC28-A1FB-10172BDBA410">
<hideElementsInCurrentOnly>false</hideElementsInCurrentOnly>
<backgroundColor>-16777216</backgroundColor>
<lineWidth>1</lineWidth>
<points>
<point x="1544" y="681"/>
<point x="1077" y="492"/>
</points>
</Connector>
<Connector class="oracle.dbtools.crest.swingui.relational.TVFKRelation" oid="A9E61289-8DD9-7EA7-2972-8AA383958A21" otype="FKIndexAssociation" vid_source="56447F22-B405-BF8E-57CA-FC49DB36A8A9" vid_target="7AAD4104-D6A6-957B-A09D-13F9CFA4189A">
<hideElementsInCurrentOnly>false</hideElementsInCurrentOnly>
<backgroundColor>-16777216</backgroundColor>
<lineWidth>1</lineWidth>
<points>
<point x="522" y="91"/>
<point x="648" y="91"/>
</points>
</Connector>
<Connector class="oracle.dbtools.crest.swingui.relational.TVFKRelation" oid="BD0B0D2B-6C53-24F4-2EDB-341DC389CD52" otype="FKIndexAssociation" vid_source="3B13715E-ACD8-1AC7-91CB-9D198AC352E1" vid_target="FABB6769-2D57-D8A2-5ED9-55D8AA39C92C">
<hideElementsInCurrentOnly>false</hideElementsInCurrentOnly>
<backgroundColor>-16777216</backgroundColor>
<lineWidth>1</lineWidth>
<points>
<point x="779" y="584"/>
<point x="348" y="285"/>
</points>
</Connector>
<Connector class="oracle.dbtools.crest.swingui.relational.TVFKRelation" oid="E689F320-1C71-2578-9558-01EB3023F474" otype="FKIndexAssociation" vid_source="74FAC96B-F18C-762C-300C-348D0356D9DE" vid_target="8D562676-9F60-F353-044E-D6074A378836">
<hideElementsInCurrentOnly>false</hideElementsInCurrentOnly>
<backgroundColor>-16777216</backgroundColor>
<lineWidth>1</lineWidth>
<points>
<point x="750" y="243"/>
<point x="1041" y="243"/>
</points>
</Connector>
</connectors>
<displays>
<Display class="oracle.dbtools.crest.swingui.relational.DPVRelational" name="Display_1" id="0CD3880C-CB44-91F6-D873-945B7E912F71">
<createdBy>Acer</createdBy>
<modifiedBy>Acer</modifiedBy>
<createdTime>2024-08-29 21:00:40 UTC</createdTime>
<autoRoute>false</autoRoute>
<boxInbox>true</boxInbox>
<showLegend>false</showLegend>
<showLabels>false</showLabels>
<showRelAttributes>false</showRelAttributes>
<gridEnabled>false</gridEnabled>
<showGrid>false</showGrid>
<diagramColor>-1</diagramColor>
<display>true</display>
<notation>1</notation>
<objectViews>
<OView class="oracle.dbtools.crest.swingui.relational.TVTable" oid="030D3CAF-6433-B514-E91F-3ECE898797BB" otype="Table" vid="FFDBCBF8-470E-D9A9-0F80-F315E97CA0CF">
<hideElementsInCurrentOnly>false</hideElementsInCurrentOnly>
<bounds x="787" y="246" width="307" height="206"/>
</OView>
<OView class="oracle.dbtools.crest.swingui.relational.TVTable" oid="03A802D8-873B-36B9-4492-5080D154BC04" otype="Table" vid="88BB2DB2-C6E9-D87A-E00C-A74DE23E330A">
<hideElementsInCurrentOnly>false</hideElementsInCurrentOnly>
<bounds x="79" y="343" width="91" height="75"/>
</OView>
<OView class="oracle.dbtools.crest.swingui.relational.TVTable" oid="18E553D0-8B7A-E100-C8C4-88C15E87822B" otype="Table" vid="9A7CD39A-AE6D-A0CD-AE9F-C74C9CC7E48A">
<hideElementsInCurrentOnly>false</hideElementsInCurrentOnly>
<bounds x="799" y="82" width="273" height="110"/>
</OView>
<OView class="oracle.dbtools.crest.swingui.relational.TVTable" oid="1DE4CF3D-641A-6070-D525-F866D795451F" otype="Table" vid="65DC676C-8103-685E-5CBC-A8FD03ECF2BD">
<hideElementsInCurrentOnly>false</hideElementsInCurrentOnly>
<bounds x="0" y="67" width="147" height="103"/>
</OView>
<OView class="oracle.dbtools.crest.swingui.relational.TVTable" oid="31BE35D7-C680-860E-3276-C5B9C02699FD" otype="Table" vid="8AD6368B-5102-D4DA-FDD2-353BA4DDC075">
<hideElementsInCurrentOnly>false</hideElementsInCurrentOnly>
<bounds x="759" y="325" width="130" height="100"/>
</OView>
<OView class="oracle.dbtools.crest.swingui.relational.TVTable" oid="71BC3FCC-8C8F-D2AB-2067-AD015EEE6487" otype="Table" vid="74EF96DD-45B3-C571-4891-890D05DDF0A5">
<hideElementsInCurrentOnly>false</hideElementsInCurrentOnly>
<bounds x="478" y="434" width="170" height="110"/>
</OView>
<OView class="oracle.dbtools.crest.swingui.relational.TVTable" oid="9DCEE563-2917-E0D6-6ECA-AB9F43FF040C" otype="Table" vid="26E92D62-386B-C2B5-C682-787213029755">
<hideElementsInCurrentOnly>false</hideElementsInCurrentOnly>
<bounds x="520" y="33" width="170" height="110"/>
</OView>
<OView class="oracle.dbtools.crest.swingui.relational.TVTable" oid="A09FFA51-780C-A2F6-F2A3-FDFB666E3712" otype="Table" vid="BDC300EA-0707-4E80-08D2-FE2F68C33B21">
<hideElementsInCurrentOnly>false</hideElementsInCurrentOnly>
<bounds x="513" y="192" width="194" height="78"/>
</OView>
<OView class="oracle.dbtools.crest.swingui.relational.TVTable" oid="B4260F0D-02E5-58AA-4BAA-C58553315E14" otype="Table" vid="25217550-F936-B707-5D3A-2768951C0766">
<hideElementsInCurrentOnly>false</hideElementsInCurrentOnly>
<bounds x="1170" y="286" width="170" height="124"/>
</OView>
<OView class="oracle.dbtools.crest.swingui.relational.TVTable" oid="D1FABD80-C0D3-4747-2780-D1D405EDDE6C" otype="Table" vid="A3361EBF-093A-E38E-C444-DC101973506A">
<hideElementsInCurrentOnly>false</hideElementsInCurrentOnly>
<bounds x="828" y="510" width="176" height="109"/>
</OView>
<OView class="oracle.dbtools.crest.swingui.relational.TVTable" oid="E0C3B0BE-55C3-6845-CE4F-E94A35E23356" otype="Table" vid="C8B12BE4-FD62-489E-F1A5-199D5E58E3D9">
<hideElementsInCurrentOnly>false</hideElementsInCurrentOnly>
<bounds x="1127" y="19" width="219" height="80"/>
</OView>
<OView class="oracle.dbtools.crest.swingui.relational.TVTable" oid="E6A1FFB6-3031-0659-8DCC-274075AA98F0" otype="Table" vid="C574C3FB-7B84-C905-F3F1-32D4189904CC">
<hideElementsInCurrentOnly>false</hideElementsInCurrentOnly>
<bounds x="152" y="59" width="138" height="135"/>
</OView>
<OView class="oracle.dbtools.crest.swingui.relational.TVTable" oid="EF5666A8-4DB3-5318-3B0F-6D0C6469723D" otype="Table" vid="35928ED7-F2DA-44DD-A4D9-1CEB58445106">
<hideElementsInCurrentOnly>false</hideElementsInCurrentOnly>
<bounds x="124" y="479" width="192" height="114"/>
</OView>
</objectViews>
<connectors>
<Connector class="oracle.dbtools.crest.swingui.relational.TVFKRelation" oid="04365670-D72D-FD50-E308-AF4449388390" otype="FKIndexAssociation" vid_source="25217550-F936-B707-5D3A-2768951C0766" vid_target="FFDBCBF8-470E-D9A9-0F80-F315E97CA0CF">
<hideElementsInCurrentOnly>false</hideElementsInCurrentOnly>
<backgroundColor>-16777216</backgroundColor>
<lineWidth>1</lineWidth>
<points>
<point x="1170" y="363"/>
<point x="1094" y="363"/>
</points>
</Connector>
<Connector class="oracle.dbtools.crest.swingui.relational.TVFKRelation" oid="14886C5E-878E-EC28-3DED-B82F5C0DD608" otype="FKIndexAssociation" vid_source="88BB2DB2-C6E9-D87A-E00C-A74DE23E330A" vid_target="C574C3FB-7B84-C905-F3F1-32D4189904CC">
<hideElementsInCurrentOnly>false</hideElementsInCurrentOnly>
<backgroundColor>-16777216</backgroundColor>
<lineWidth>1</lineWidth>
<points>
<point x="161" y="343"/>
<point x="161" y="194"/>
</points>
</Connector>
<Connector class="oracle.dbtools.crest.swingui.relational.TVFKRelation" oid="22EA834E-3FDC-9A7E-9EC3-2ACFDE743A2E" otype="FKIndexAssociation" vid_source="C8B12BE4-FD62-489E-F1A5-199D5E58E3D9" vid_target="26E92D62-386B-C2B5-C682-787213029755">
<hideElementsInCurrentOnly>false</hideElementsInCurrentOnly>
<backgroundColor>-16777216</backgroundColor>
<lineWidth>1</lineWidth>
<points>
<point x="1127" y="66"/>
<point x="690" y="66"/>
</points>
</Connector>
<Connector class="oracle.dbtools.crest.swingui.relational.TVFKRelation" oid="2AB4C4C6-7A28-021E-2CC5-531E89B235FA" otype="FKIndexAssociation" vid_source="FFDBCBF8-470E-D9A9-0F80-F315E97CA0CF" vid_target="74EF96DD-45B3-C571-4891-890D05DDF0A5">
<hideElementsInCurrentOnly>false</hideElementsInCurrentOnly>
<backgroundColor>-16777216</backgroundColor>
<lineWidth>1</lineWidth>
<points>
<point x="787" y="443"/>
<point x="648" y="443"/>
</points>
</Connector>
<Connector class="oracle.dbtools.crest.swingui.relational.TVFKRelation" oid="50092551-C4FA-5352-64CD-46E00F5DBA7E" otype="FKIndexAssociation" vid_source="8AD6368B-5102-D4DA-FDD2-353BA4DDC075" vid_target="C574C3FB-7B84-C905-F3F1-32D4189904CC">
<hideElementsInCurrentOnly>false</hideElementsInCurrentOnly>
<backgroundColor>-16777216</backgroundColor>
<lineWidth>1</lineWidth>
<points>
<point x="759" y="348"/>
<point x="290" y="154"/>
</points>
</Connector>
<Connector class="oracle.dbtools.crest.swingui.relational.TVFKRelation" oid="52DBE0A5-C014-E4F3-3D52-632640736759" otype="FKIndexAssociation" vid_source="C8B12BE4-FD62-489E-F1A5-199D5E58E3D9" vid_target="25217550-F936-B707-5D3A-2768951C0766">
<hideElementsInCurrentOnly>false</hideElementsInCurrentOnly>
<backgroundColor>-16777216</backgroundColor>
<lineWidth>1</lineWidth>
<points>
<point x="1255" y="99"/>
<point x="1255" y="286"/>
</points>
</Connector>
<Connector class="oracle.dbtools.crest.swingui.relational.TVFKRelation" oid="56D01202-7683-561A-E222-A286AD8EAED7" otype="FKIndexAssociation" vid_source="65DC676C-8103-685E-5CBC-A8FD03ECF2BD" vid_target="9A7CD39A-AE6D-A0CD-AE9F-C74C9CC7E48A">
<hideElementsInCurrentOnly>false</hideElementsInCurrentOnly>
<backgroundColor>-16777216</backgroundColor>
<lineWidth>1</lineWidth>
<points>
<point x="147" y="126"/>
<point x="799" y="126"/>
</points>
</Connector>
<Connector class="oracle.dbtools.crest.swingui.relational.TVFKRelation" oid="570A4198-8F5F-5FC1-520B-E646060092BE" otype="FKIndexAssociation" vid_source="FFDBCBF8-470E-D9A9-0F80-F315E97CA0CF" vid_target="8AD6368B-5102-D4DA-FDD2-353BA4DDC075">
<hideElementsInCurrentOnly>false</hideElementsInCurrentOnly>
<backgroundColor>-16777216</backgroundColor>
<lineWidth>1</lineWidth>
<points>
<point x="787" y="375"/>
<point x="889" y="375"/>
</points>
</Connector>
<Connector class="oracle.dbtools.crest.swingui.relational.TVFKRelation" oid="5DE1E9D1-74B8-B9EF-88E4-BC98F945015C" otype="FKIndexAssociation" vid_source="35928ED7-F2DA-44DD-A4D9-1CEB58445106" vid_target="88BB2DB2-C6E9-D87A-E00C-A74DE23E330A">
<hideElementsInCurrentOnly>false</hideElementsInCurrentOnly>
<backgroundColor>-16777216</backgroundColor>
<lineWidth>1</lineWidth>
<points>
<point x="147" y="479"/>
<point x="147" y="418"/>
</points>
</Connector>
<Connector class="oracle.dbtools.crest.swingui.relational.TVFKRelation" oid="61BD0BB3-BB27-F8ED-7E71-86FE988CFFDD" otype="FKIndexAssociation" vid_source="FFDBCBF8-470E-D9A9-0F80-F315E97CA0CF" vid_target="25217550-F936-B707-5D3A-2768951C0766">
<hideElementsInCurrentOnly>false</hideElementsInCurrentOnly>
<backgroundColor>-16777216</backgroundColor>
<lineWidth>1</lineWidth>
<points>
<point x="1094" y="348"/>
<point x="1170" y="348"/>
</points>
</Connector>
<Connector class="oracle.dbtools.crest.swingui.relational.TVFKRelation" oid="73EDAFFE-4D85-CB58-453B-2283EA8E5AD7" otype="FKIndexAssociation" vid_source="9A7CD39A-AE6D-A0CD-AE9F-C74C9CC7E48A" vid_target="C8B12BE4-FD62-489E-F1A5-199D5E58E3D9">
<hideElementsInCurrentOnly>false</hideElementsInCurrentOnly>
<backgroundColor>-16777216</backgroundColor>
<lineWidth>1</lineWidth>
<points>
<point x="1072" y="90"/>
<point x="1127" y="90"/>
</points>
</Connector>
<Connector class="oracle.dbtools.crest.swingui.relational.TVFKRelation" oid="76B161F7-97E5-199D-78D0-251E0BF024E1" otype="FKIndexAssociation" vid_source="9A7CD39A-AE6D-A0CD-AE9F-C74C9CC7E48A" vid_target="FFDBCBF8-470E-D9A9-0F80-F315E97CA0CF">
<hideElementsInCurrentOnly>false</hideElementsInCurrentOnly>
<backgroundColor>-16777216</backgroundColor>
<lineWidth>1</lineWidth>
<points>
<point x="935" y="192"/>
<point x="935" y="246"/>
</points>
</Connector>
<Connector class="oracle.dbtools.crest.swingui.relational.TVFKRelation" oid="8B6269EB-1E7D-BB27-EEBF-E4B4590E2257" otype="FKIndexAssociation" vid_source="C574C3FB-7B84-C905-F3F1-32D4189904CC" vid_target="26E92D62-386B-C2B5-C682-787213029755">
<hideElementsInCurrentOnly>false</hideElementsInCurrentOnly>
<backgroundColor>-16777216</backgroundColor>
<lineWidth>1</lineWidth>
<points>
<point x="290" y="101"/>
<point x="520" y="101"/>
</points>
</Connector>
<Connector class="oracle.dbtools.crest.swingui.relational.TVFKRelation" oid="9112F127-B36B-310F-42B9-57535C2B4EA9" otype="FKIndexAssociation" vid_source="C574C3FB-7B84-C905-F3F1-32D4189904CC" vid_target="74EF96DD-45B3-C571-4891-890D05DDF0A5">
<hideElementsInCurrentOnly>false</hideElementsInCurrentOnly>
<backgroundColor>-16777216</backgroundColor>
<lineWidth>1</lineWidth>
<points>
<point x="284" y="194"/>
<point x="511" y="434"/>
</points>
</Connector>
<Connector class="oracle.dbtools.crest.swingui.relational.TVFKRelation" oid="A9E61289-8DD9-7EA7-2972-8AA383958A21" otype="FKIndexAssociation" vid_source="BDC300EA-0707-4E80-08D2-FE2F68C33B21" vid_target="9A7CD39A-AE6D-A0CD-AE9F-C74C9CC7E48A">
<hideElementsInCurrentOnly>false</hideElementsInCurrentOnly>
<backgroundColor>-16777216</backgroundColor>
<lineWidth>1</lineWidth>
<points>
<point x="707" y="192"/>
<point x="799" y="192"/>
</points>
</Connector>
<Connector class="oracle.dbtools.crest.swingui.relational.TVFKRelation" oid="BD0B0D2B-6C53-24F4-2EDB-341DC389CD52" otype="FKIndexAssociation" vid_source="88BB2DB2-C6E9-D87A-E00C-A74DE23E330A" vid_target="65DC676C-8103-685E-5CBC-A8FD03ECF2BD">
<hideElementsInCurrentOnly>false</hideElementsInCurrentOnly>
<backgroundColor>-16777216</backgroundColor>
<lineWidth>1</lineWidth>
<points>
<point x="113" y="343"/>
<point x="113" y="170"/>
</points>
</Connector>
<Connector class="oracle.dbtools.crest.swingui.relational.TVFKRelation" oid="E689F320-1C71-2578-9558-01EB3023F474" otype="FKIndexAssociation" vid_source="A3361EBF-093A-E38E-C444-DC101973506A" vid_target="FFDBCBF8-470E-D9A9-0F80-F315E97CA0CF">
<hideElementsInCurrentOnly>false</hideElementsInCurrentOnly>
<backgroundColor>-16777216</backgroundColor>
<lineWidth>1</lineWidth>
<points>
<point x="916" y="510"/>
<point x="916" y="452"/>
</points>
</Connector>
</connectors>
</Display>
</displays>
</Diagram>