<?xml version = '1.0' encoding = 'UTF-8'?>
<Relation class="oracle.dbtools.crest.model.design.logical.Relation" name="tiene" directorySegmentName="seg_0" id="17EFD5DF-9703-4916-3365-29543E0F40F4">
<createdBy>Acer</createdBy>
<createdTime>2024-08-29 02:41:07 UTC</createdTime>
<ownerDesignName>SuperAndes Modelado</ownerDesignName>
<engineerTo>
<item key="7FCE9CA5-7520-658C-21CB-CC694D6CE610" value="true"/>
</engineerTo>
<sourcePk>E151901C-25D3-70A9-8C6B-CDD8F18271BD</sourcePk>
<identifying>false</identifying>
<optionalSource>false</optionalSource>
<optionalTarget>false</optionalTarget>
<sourceCardinality>1</sourceCardinality>
<sourceEntity>BE9FEB86-8C9B-95E9-F893-4ADF9BFDB868</sourceEntity>
<targetCardinalityString>*</targetCardinalityString>
<targetEntity>D8F9FF82-B78F-E29F-5461-18642FFAB5D2</targetEntity>
<transferable>true</transferable>
<deleteRule>NO ACTION</deleteRule>
</Relation>