<?xml version = '1.0' encoding = 'UTF-8'?>
<Relation class="oracle.dbtools.crest.model.design.logical.Relation" name="recibe" directorySegmentName="seg_0" id="31DA3711-CE79-816A-F3EE-7727F1F30502">
<createdBy>Acer</createdBy>
<createdTime>2024-08-29 20:29:12 UTC</createdTime>
<ownerDesignName>SuperAndes Modelado</ownerDesignName>
<engineerTo>
<item key="7FCE9CA5-7520-658C-21CB-CC694D6CE610" value="true"/>
</engineerTo>
<sourcePk>5228C99E-D4F9-CB09-F9EA-51D23694D976</sourcePk>
<identifying>false</identifying>
<optionalSource>false</optionalSource>
<optionalTarget>false</optionalTarget>
<sourceCardinality>1</sourceCardinality>
<sourceEntity>EB6A5D9A-3F1F-6DEC-B9FC-FB76A16D3E51</sourceEntity>
<targetCardinalityString>1</targetCardinalityString>
<targetEntity>6B8BA2AD-0BD2-8B1C-73D6-7F6240CBFC4D</targetEntity>
<transferable>true</transferable>
<deleteRule>NO ACTION</deleteRule>
</Relation>