<?xml version = '1.0' encoding = 'UTF-8'?>
<Relation class="oracle.dbtools.crest.model.design.logical.Relation" name="genera" directorySegmentName="seg_0" id="384D7938-BC8C-89EE-7D72-85F987B20317">
<createdBy>Acer</createdBy>
<createdTime>2024-08-29 20:30:20 UTC</createdTime>
<ownerDesignName>SuperAndes Modelado</ownerDesignName>
<engineerTo>
<item key="7FCE9CA5-7520-658C-21CB-CC694D6CE610" value="true"/>
</engineerTo>
<sourcePk>0A6BDEB8-2B06-85F8-F5A8-038DDD91A1DE</sourcePk>
<identifying>false</identifying>
<optionalSource>false</optionalSource>
<optionalTarget>false</optionalTarget>
<sourceCardinality>1</sourceCardinality>
<sourceEntity>D8F9FF82-B78F-E29F-5461-18642FFAB5D2</sourceEntity>
<targetCardinalityString>*</targetCardinalityString>
<targetEntity>EB6A5D9A-3F1F-6DEC-B9FC-FB76A16D3E51</targetEntity>
<transferable>true</transferable>
<deleteRule>NO ACTION</deleteRule>
</Relation>