<?xml version = '1.0' encoding = 'UTF-8'?>
<Relation class="oracle.dbtools.crest.model.design.logical.Relation" name="tienev2" directorySegmentName="seg_0" id="45780EC4-5931-1732-2E97-15B9CF7A1B0B">
<createdBy>Acer</createdBy>
<createdTime>2024-09-01 21:00:32 UTC</createdTime>
<ownerDesignName>SuperAndes Modelado</ownerDesignName>
<engineerTo>
<item key="7FCE9CA5-7520-658C-21CB-CC694D6CE610" value="true"/>
</engineerTo>
<sourcePk>189C7B45-9078-B398-6BA3-6B2D7485239B</sourcePk>
<identifying>false</identifying>
<optionalSource>false</optionalSource>
<optionalTarget>false</optionalTarget>
<sourceCardinality>1</sourceCardinality>
<sourceEntity>EAABD443-1DED-4D37-CCB5-7D6C92600520</sourceEntity>
<targetCardinalityString>*</targetCardinalityString>
<targetEntity>D8F9FF82-B78F-E29F-5461-18642FFAB5D2</targetEntity>
<transferable>true</transferable>
<deleteRule>NO ACTION</deleteRule>
</Relation>