<?xml version = '1.0' encoding = 'UTF-8'?>
<Relation class="oracle.dbtools.crest.model.design.logical.Relation" name="incluye" directorySegmentName="seg_0" id="672E56C6-D301-2365-F070-61530C733F01">
<createdBy>Acer</createdBy>
<createdTime>2024-08-29 20:24:59 UTC</createdTime>
<ownerDesignName>SuperAndes Modelado</ownerDesignName>
<engineerTo>
<item key="7FCE9CA5-7520-658C-21CB-CC694D6CE610" value="true"/>
</engineerTo>
<identifying>false</identifying>
<optionalSource>false</optionalSource>
<optionalTarget>false</optionalTarget>
<sourceCardinality>*</sourceCardinality>
<sourceEntity>EB6A5D9A-3F1F-6DEC-B9FC-FB76A16D3E51</sourceEntity>
<targetCardinalityString>*</targetCardinalityString>
<targetEntity>6F936F9E-874B-2BB4-464C-76103D3C0057</targetEntity>
<transferable>true</transferable>
<deleteRule>NO ACTION</deleteRule>
</Relation>