<?xml version = '1.0' encoding = 'UTF-8'?>
<Relation class="oracle.dbtools.crest.model.design.logical.Relation" name="almacena" directorySegmentName="seg_0" id="6ED46438-F745-247E-91D0-13DE43C1B155">
<createdBy>Acer</createdBy>
<createdTime>2024-08-29 19:51:30 UTC</createdTime>
<ownerDesignName>SuperAndes Modelado</ownerDesignName>
<engineerTo>
<item key="7FCE9CA5-7520-658C-21CB-CC694D6CE610" value="true"/>
</engineerTo>
<identifying>false</identifying>
<optionalSource>false</optionalSource>
<optionalTarget>false</optionalTarget>
<sourceCardinality>*</sourceCardinality>
<sourceEntity>0D36F79E-A1F8-D2E7-89BD-003C8812B311</sourceEntity>
<targetCardinalityString>*</targetCardinalityString>
<targetEntity>6F936F9E-874B-2BB4-464C-76103D3C0057</targetEntity>
<transferable>true</transferable>
<deleteRule>NO ACTION</deleteRule>
</Relation>