<?xml version = '1.0' encoding = 'UTF-8'?>
<Entity class="oracle.dbtools.crest.model.design.logical.Entity" directorySegmentName="seg_0" id="0D36F79E-A1F8-D2E7-89BD-003C8812B311" name="Bodega">
<createdBy>Acer</createdBy>
<createdTime>2024-08-29 02:57:04 UTC</createdTime>
<ownerDesignName>SuperAndes Modelado</ownerDesignName>
<engineerTo>
<item key="7FCE9CA5-7520-658C-21CB-CC694D6CE610" value="true"/>
</engineerTo>
<adequatelyNormalized>NO</adequatelyNormalized>
<expectedVolumes>0</expectedVolumes>
<fwdEngineeringStrategyName>Single Table</fwdEngineeringStrategyName>
<growthPercent>0</growthPercent>
<growthType>Year</growthType>
<maxVolumes>9999999</maxVolumes>
<minVolumes>0</minVolumes>
<normalForm>Third</normalForm>
<attributes itemClass="oracle.dbtools.crest.model.design.logical.Attribute">
<Attribute name="id" id="E4B99AD4-F6CC-9361-547A-2253D977B1C9">
<createdBy>Acer</createdBy>
<createdTime>2024-08-29 20:06:44 UTC</createdTime>
<ownerDesignName>SuperAndes Modelado</ownerDesignName>
<engineerTo>
<item key="7FCE9CA5-7520-658C-21CB-CC694D6CE610" value="true"/>
</engineerTo>
<useDomainConstraints>false</useDomainConstraints>
<use>1</use>
<logicalDatatype>LOGDT011</logicalDatatype>
<ownDataTypeParameters>,,</ownDataTypeParameters>
</Attribute>
<Attribute name="nombre" id="68A0AAD0-CDD2-C684-D71E-93C6E5538C10">
<createdBy>Acer</createdBy>
<createdTime>2024-08-29 02:57:25 UTC</createdTime>
<ownerDesignName>SuperAndes Modelado</ownerDesignName>
<engineerTo>
<item key="7FCE9CA5-7520-658C-21CB-CC694D6CE610" value="true"/>
</engineerTo>
<nullsAllowed>true</nullsAllowed>
<useDomainConstraints>false</useDomainConstraints>
<use>1</use>
<logicalDatatype>LOGDT024</logicalDatatype>
<ownDataTypeParameters>,,</ownDataTypeParameters>
</Attribute>
<Attribute name="tamaño" id="759FC624-1C62-B2A6-6312-988C343A30E5">
<createdBy>Acer</createdBy>
<createdTime>2024-08-29 02:57:33 UTC</createdTime>
<ownerDesignName>SuperAndes Modelado</ownerDesignName>
<engineerTo>
<item key="7FCE9CA5-7520-658C-21CB-CC694D6CE610" value="true"/>
</engineerTo>
<nullsAllowed>true</nullsAllowed>
<useDomainConstraints>false</useDomainConstraints>
<use>1</use>
<logicalDatatype>LOGDT021</logicalDatatype>
<ownDataTypeParameters>,,</ownDataTypeParameters>
</Attribute>
<Attribute name="capacidad" id="8A284D55-7C9E-9D0C-E797-7D86A28BBDE1">
<createdBy>Acer</createdBy>
<createdTime>2024-08-29 02:57:43 UTC</createdTime>
<ownerDesignName>SuperAndes Modelado</ownerDesignName>
<engineerTo>
<item key="7FCE9CA5-7520-658C-21CB-CC694D6CE610" value="true"/>
</engineerTo>
<nullsAllowed>true</nullsAllowed>
<useDomainConstraints>false</useDomainConstraints>
<use>1</use>
<logicalDatatype>LOGDT021</logicalDatatype>
<ownDataTypeParameters>,,</ownDataTypeParameters>
</Attribute>
<Attribute name="id1" id="4846FE0F-299A-24D0-5F25-6F057213B5B6">
<createdBy>Acer</createdBy>
<createdTime>2024-08-29 20:07:18 UTC</createdTime>
<generatorID>8589669C-0CCF-FEF6-18DA-A4AE6C38F74F</generatorID>
<ownerDesignName>SuperAndes Modelado</ownerDesignName>
<engineerTo>
<item key="7FCE9CA5-7520-658C-21CB-CC694D6CE610" value="true"/>
</engineerTo>
<referedAttribute>82D575BF-0FC8-BD74-1E0D-8C4923B399DB</referedAttribute>
<useDomainConstraints>false</useDomainConstraints>
<use>1</use>
<logicalDatatype>LOGDT011</logicalDatatype>
<ownDataTypeParameters>,,</ownDataTypeParameters>
</Attribute>
</attributes>
<identifiers itemClass="oracle.dbtools.crest.model.design.logical.CandidateKey">
<identifier id="FF565E17-4A84-77B3-5A4C-35B980D349C7" name="Bodega PK">
<createdBy>Acer</createdBy>
<createdTime>2024-08-29 20:06:58 UTC</createdTime>
<ownerDesignName>SuperAndes Modelado</ownerDesignName>
<shouldEngineer>false</shouldEngineer>
<engineerTo>
<item key="7FCE9CA5-7520-658C-21CB-CC694D6CE610" value="false"/>
</engineerTo>
<pk>true</pk>
<usedAttributes>
<attributeRef>E4B99AD4-F6CC-9361-547A-2253D977B1C9</attributeRef>
</usedAttributes>
</identifier>
</identifiers>
</Entity>