<?xml version = '1.0' encoding = 'UTF-8'?>
<Entity class="oracle.dbtools.crest.model.design.logical.Entity" directorySegmentName="seg_0" id="609CC03E-71E2-1E6B-5D0A-859346D9D94E" name="DetalleOrden">
<createdBy>Acer</createdBy>
<createdTime>2024-09-01 22:13:10 UTC</createdTime>
<ownerDesignName>SuperAndes Modelado</ownerDesignName>
<engineerTo>
<item key="7FCE9CA5-7520-658C-21CB-CC694D6CE610" value="true"/>
</engineerTo>
<adequatelyNormalized>NO</adequatelyNormalized>
<expectedVolumes>0</expectedVolumes>
<fwdEngineeringStrategyName>Single Table</fwdEngineeringStrategyName>
<growthPercent>0</growthPercent>
<growthType>Year</growthType>
<maxVolumes>9999999</maxVolumes>
<minVolumes>0</minVolumes>
<normalForm>Third</normalForm>
<attributes itemClass="oracle.dbtools.crest.model.design.logical.Attribute">
<Attribute name="cantidadDeseada" id="AAA66082-4D94-35F3-FA39-7C428319659A">
<createdBy>Acer</createdBy>
<createdTime>2024-09-01 22:13:24 UTC</createdTime>
<ownerDesignName>SuperAndes Modelado</ownerDesignName>
<engineerTo>
<item key="7FCE9CA5-7520-658C-21CB-CC694D6CE610" value="true"/>
</engineerTo>
<nullsAllowed>true</nullsAllowed>
<useDomainConstraints>false</useDomainConstraints>
<use>1</use>
<logicalDatatype>LOGDT011</logicalDatatype>
<ownDataTypeParameters>,,</ownDataTypeParameters>
</Attribute>
<Attribute name="id" id="6E672772-B736-7C51-D22C-E674668493FF">
<createdBy>Acer</createdBy>
<createdTime>2024-09-01 22:13:46 UTC</createdTime>
<ownerDesignName>SuperAndes Modelado</ownerDesignName>
<engineerTo>
<item key="7FCE9CA5-7520-658C-21CB-CC694D6CE610" value="true"/>
</engineerTo>
<useDomainConstraints>false</useDomainConstraints>
<use>1</use>
<logicalDatatype>LOGDT011</logicalDatatype>
<ownDataTypeParameters>,,</ownDataTypeParameters>
</Attribute>
<Attribute name="id1" id="A4DD41F1-B288-48A6-72A2-41F86D731278">
<createdBy>Acer</createdBy>
<createdTime>2024-09-01 22:14:48 UTC</createdTime>
<generatorID>19626C1E-F430-22EC-BDCD-E023E26F7F2D</generatorID>
<ownerDesignName>SuperAndes Modelado</ownerDesignName>
<engineerTo>
<item key="7FCE9CA5-7520-658C-21CB-CC694D6CE610" value="true"/>
</engineerTo>
<referedAttribute>D43DACFE-9258-0078-46ED-6F7A14353BE5</referedAttribute>
<useDomainConstraints>false</useDomainConstraints>
<use>1</use>
<logicalDatatype>LOGDT011</logicalDatatype>
<ownDataTypeParameters>,,</ownDataTypeParameters>
</Attribute>
</attributes>
<identifiers itemClass="oracle.dbtools.crest.model.design.logical.CandidateKey">
<identifier id="2532725C-E95A-6910-FFE9-6F6E0A50DB36" name="DetalleOrden PK">
<createdBy>Acer</createdBy>
<createdTime>2024-09-01 22:13:59 UTC</createdTime>
<ownerDesignName>SuperAndes Modelado</ownerDesignName>
<shouldEngineer>false</shouldEngineer>
<engineerTo>
<item key="7FCE9CA5-7520-658C-21CB-CC694D6CE610" value="false"/>
</engineerTo>
<pk>true</pk>
<usedAttributes>
<attributeRef>6E672772-B736-7C51-D22C-E674668493FF</attributeRef>
</usedAttributes>
</identifier>
</identifiers>
</Entity>