<?xml version = '1.0' encoding = 'UTF-8'?>
<Entity class="oracle.dbtools.crest.model.design.logical.Entity" directorySegmentName="seg_0" id="6B8BA2AD-0BD2-8B1C-73D6-7F6240CBFC4D" name="RecepcionDeProductos">
<createdBy>Acer</createdBy>
<createdTime>2024-08-29 20:27:28 UTC</createdTime>
<ownerDesignName>SuperAndes Modelado</ownerDesignName>
<engineerTo>
<item key="7FCE9CA5-7520-658C-21CB-CC694D6CE610" value="true"/>
</engineerTo>
<adequatelyNormalized>NO</adequatelyNormalized>
<expectedVolumes>0</expectedVolumes>
<fwdEngineeringStrategyName>Single Table</fwdEngineeringStrategyName>
<growthPercent>0</growthPercent>
<growthType>Year</growthType>
<maxVolumes>9999999</maxVolumes>
<minVolumes>0</minVolumes>
<normalForm>Third</normalForm>
<attributes itemClass="oracle.dbtools.crest.model.design.logical.Attribute">
<Attribute name="fechaRecepcion" id="67A93E6F-12FB-9DDB-E027-CFCFDB974E4C">
<createdBy>Acer</createdBy>
<createdTime>2024-08-29 20:27:43 UTC</createdTime>
<ownerDesignName>SuperAndes Modelado</ownerDesignName>
<engineerTo>
<item key="7FCE9CA5-7520-658C-21CB-CC694D6CE610" value="true"/>
</engineerTo>
<nullsAllowed>true</nullsAllowed>
<useDomainConstraints>false</useDomainConstraints>
<use>1</use>
<logicalDatatype>LOGDT007</logicalDatatype>
<ownDataTypeParameters>,,</ownDataTypeParameters>
</Attribute>
<Attribute name="cantidadRecibida" id="A4CF56E9-8489-A98B-BA56-0AFD02DCB7E3">
<createdBy>Acer</createdBy>
<createdTime>2024-08-29 20:28:00 UTC</createdTime>
<ownerDesignName>SuperAndes Modelado</ownerDesignName>
<engineerTo>
<item key="7FCE9CA5-7520-658C-21CB-CC694D6CE610" value="true"/>
</engineerTo>
<nullsAllowed>true</nullsAllowed>
<useDomainConstraints>false</useDomainConstraints>
<use>1</use>
<logicalDatatype>LOGDT011</logicalDatatype>
<ownDataTypeParameters>,,</ownDataTypeParameters>
</Attribute>
<Attribute name="id" id="A3F6A09B-4302-C27D-6995-EF41F33D255A">
<createdBy>Acer</createdBy>
<createdTime>2024-08-29 20:55:09 UTC</createdTime>
<generatorID>31DA3711-CE79-816A-F3EE-7727F1F30502</generatorID>
<ownerDesignName>SuperAndes Modelado</ownerDesignName>
<engineerTo>
<item key="7FCE9CA5-7520-658C-21CB-CC694D6CE610" value="true"/>
</engineerTo>
<referedAttribute>D43DACFE-9258-0078-46ED-6F7A14353BE5</referedAttribute>
<useDomainConstraints>false</useDomainConstraints>
<use>1</use>
<logicalDatatype>LOGDT011</logicalDatatype>
<ownDataTypeParameters>,,</ownDataTypeParameters>
</Attribute>
<Attribute name="id1" id="7B1DAE80-6677-3D34-4B60-31C83A8F4A18">
<createdBy>Acer</createdBy>
<createdTime>2024-08-29 20:56:32 UTC</createdTime>
<generatorID>5BEDA460-ED8B-2A6D-100B-63568A213969</generatorID>
<ownerDesignName>SuperAndes Modelado</ownerDesignName>
<engineerTo>
<item key="7FCE9CA5-7520-658C-21CB-CC694D6CE610" value="true"/>
</engineerTo>
<referedAttribute>E4B99AD4-F6CC-9361-547A-2253D977B1C9</referedAttribute>
<useDomainConstraints>false</useDomainConstraints>
<use>1</use>
<logicalDatatype>LOGDT011</logicalDatatype>
<ownDataTypeParameters>,,</ownDataTypeParameters>
</Attribute>
</attributes>
</Entity>