<?xml version = '1.0' encoding = 'UTF-8'?>
<Entity class="oracle.dbtools.crest.model.design.logical.Entity" directorySegmentName="seg_0" id="EAABD443-1DED-4D37-CCB5-7D6C92600520" name="SucursalProducto">
<createdBy>Acer</createdBy>
<createdTime>2024-09-01 20:59:43 UTC</createdTime>
<ownerDesignName>SuperAndes Modelado</ownerDesignName>
<engineerTo>
<item key="7FCE9CA5-7520-658C-21CB-CC694D6CE610" value="true"/>
</engineerTo>
<adequatelyNormalized>NO</adequatelyNormalized>
<expectedVolumes>0</expectedVolumes>
<fwdEngineeringStrategyName>Single Table</fwdEngineeringStrategyName>
<growthPercent>0</growthPercent>
<growthType>Year</growthType>
<maxVolumes>9999999</maxVolumes>
<minVolumes>0</minVolumes>
<normalForm>Third</normalForm>
<attributes itemClass="oracle.dbtools.crest.model.design.logical.Attribute">
<Attribute name="numeroRegistro" id="10749589-731B-6DCD-BC17-3A24F0D4251A">
<createdBy>Acer</createdBy>
<createdTime>2024-09-01 20:59:56 UTC</createdTime>
<ownerDesignName>SuperAndes Modelado</ownerDesignName>
<engineerTo>
<item key="7FCE9CA5-7520-658C-21CB-CC694D6CE610" value="true"/>
</engineerTo>
<useDomainConstraints>false</useDomainConstraints>
<use>1</use>
<logicalDatatype>LOGDT011</logicalDatatype>
<ownDataTypeParameters>,,</ownDataTypeParameters>
</Attribute>
<Attribute name="nivelMinimo" id="52CE4016-351B-393A-F5BA-75F8F3057396">
<createdBy>Acer</createdBy>
<createdTime>2024-09-01 21:00:09 UTC</createdTime>
<ownerDesignName>SuperAndes Modelado</ownerDesignName>
<engineerTo>
<item key="7FCE9CA5-7520-658C-21CB-CC694D6CE610" value="true"/>
</engineerTo>
<nullsAllowed>true</nullsAllowed>
<useDomainConstraints>false</useDomainConstraints>
<use>1</use>
<logicalDatatype>LOGDT011</logicalDatatype>
<ownDataTypeParameters>,,</ownDataTypeParameters>
</Attribute>
<Attribute name="codigoBarras" id="667221AA-47C1-7C1E-244A-2A80D43D4D5B">
<createdBy>Acer</createdBy>
<createdTime>2024-09-01 22:11:09 UTC</createdTime>
<generatorID>5F77D9AF-BF2E-F7E8-791A-FA806493C57F</generatorID>
<ownerDesignName>SuperAndes Modelado</ownerDesignName>
<engineerTo>
<item key="7FCE9CA5-7520-658C-21CB-CC694D6CE610" value="true"/>
</engineerTo>
<referedAttribute>95A80551-FECC-444B-A440-ED33B3259A86</referedAttribute>
<useDomainConstraints>false</useDomainConstraints>
<use>1</use>
<logicalDatatype>LOGDT024</logicalDatatype>
<ownDataTypeParameters>,,</ownDataTypeParameters>
</Attribute>
</attributes>
<identifiers itemClass="oracle.dbtools.crest.model.design.logical.CandidateKey">
<identifier id="189C7B45-9078-B398-6BA3-6B2D7485239B" name="SucursalProducto PK">
<createdBy>Acer</createdBy>
<createdTime>2024-09-01 21:00:24 UTC</createdTime>
<ownerDesignName>SuperAndes Modelado</ownerDesignName>
<shouldEngineer>false</shouldEngineer>
<engineerTo>
<item key="7FCE9CA5-7520-658C-21CB-CC694D6CE610" value="false"/>
</engineerTo>
<pk>true</pk>
<usedAttributes>
<attributeRef>10749589-731B-6DCD-BC17-3A24F0D4251A</attributeRef>
</usedAttributes>
</identifier>
</identifiers>
</Entity>