<?xml version = '1.0' encoding = 'UTF-8'?>
<Entity class="oracle.dbtools.crest.model.design.logical.Entity" directorySegmentName="seg_0" id="FBB0E9ED-E7F0-E1C9-5DF8-4E2F26D83C15" name="Proveedor">
<createdBy>Acer</createdBy>
<createdTime>2024-08-29 20:19:01 UTC</createdTime>
<ownerDesignName>SuperAndes Modelado</ownerDesignName>
<engineerTo>
<item key="7FCE9CA5-7520-658C-21CB-CC694D6CE610" value="true"/>
</engineerTo>
<adequatelyNormalized>NO</adequatelyNormalized>
<expectedVolumes>0</expectedVolumes>
<fwdEngineeringStrategyName>Single Table</fwdEngineeringStrategyName>
<growthPercent>0</growthPercent>
<growthType>Year</growthType>
<maxVolumes>9999999</maxVolumes>
<minVolumes>0</minVolumes>
<normalForm>Third</normalForm>
<attributes itemClass="oracle.dbtools.crest.model.design.logical.Attribute">
<Attribute name="NIT" id="6FBB19A4-18C4-A1BA-53F8-FDB7193F5D3C">
<createdBy>Acer</createdBy>
<createdTime>2024-08-29 20:19:53 UTC</createdTime>
<ownerDesignName>SuperAndes Modelado</ownerDesignName>
<engineerTo>
<item key="7FCE9CA5-7520-658C-21CB-CC694D6CE610" value="true"/>
</engineerTo>
<useDomainConstraints>false</useDomainConstraints>
<use>1</use>
<logicalDatatype>LOGDT011</logicalDatatype>
<ownDataTypeParameters>,,</ownDataTypeParameters>
</Attribute>
<Attribute name="nombre" id="4DD62501-4C0F-B8A1-967B-C871250D76FC">
<createdBy>Acer</createdBy>
<createdTime>2024-08-29 20:19:59 UTC</createdTime>
<ownerDesignName>SuperAndes Modelado</ownerDesignName>
<engineerTo>
<item key="7FCE9CA5-7520-658C-21CB-CC694D6CE610" value="true"/>
</engineerTo>
<nullsAllowed>true</nullsAllowed>
<useDomainConstraints>false</useDomainConstraints>
<use>1</use>
<logicalDatatype>LOGDT024</logicalDatatype>
<ownDataTypeParameters>,,</ownDataTypeParameters>
</Attribute>
<Attribute name="direccion" id="F868F17F-C99C-4D78-E6A7-4B6D4FEF2571">
<createdBy>Acer</createdBy>
<createdTime>2024-08-29 20:20:07 UTC</createdTime>
<ownerDesignName>SuperAndes Modelado</ownerDesignName>
<engineerTo>
<item key="7FCE9CA5-7520-658C-21CB-CC694D6CE610" value="true"/>
</engineerTo>
<nullsAllowed>true</nullsAllowed>
<useDomainConstraints>false</useDomainConstraints>
<use>1</use>
<logicalDatatype>LOGDT024</logicalDatatype>
<ownDataTypeParameters>,,</ownDataTypeParameters>
</Attribute>
<Attribute name="nombreContacto" id="37ED4B63-BFE4-750C-316C-E2FBFD923076">
<createdBy>Acer</createdBy>
<createdTime>2024-08-29 20:21:05 UTC</createdTime>
<ownerDesignName>SuperAndes Modelado</ownerDesignName>
<engineerTo>
<item key="7FCE9CA5-7520-658C-21CB-CC694D6CE610" value="true"/>
</engineerTo>
<nullsAllowed>true</nullsAllowed>
<useDomainConstraints>false</useDomainConstraints>
<use>1</use>
<logicalDatatype>LOGDT024</logicalDatatype>
<ownDataTypeParameters>,,</ownDataTypeParameters>
</Attribute>
<Attribute name="telefonoContacto" id="C32F5E33-C206-0CB0-D71D-640859A0EA0A">
<createdBy>Acer</createdBy>
<createdTime>2024-08-29 20:21:13 UTC</createdTime>
<ownerDesignName>SuperAndes Modelado</ownerDesignName>
<engineerTo>
<item key="7FCE9CA5-7520-658C-21CB-CC694D6CE610" value="true"/>
</engineerTo>
<nullsAllowed>true</nullsAllowed>
<useDomainConstraints>false</useDomainConstraints>
<use>1</use>
<logicalDatatype>LOGDT011</logicalDatatype>
<ownDataTypeParameters>,,</ownDataTypeParameters>
</Attribute>
</attributes>
<identifiers itemClass="oracle.dbtools.crest.model.design.logical.CandidateKey">
<identifier id="780310B3-BA7C-ED65-5583-DD1D4D0C5D68" name="Proveedor PK">
<createdBy>Acer</createdBy>
<createdTime>2024-08-29 20:22:22 UTC</createdTime>
<ownerDesignName>SuperAndes Modelado</ownerDesignName>
<shouldEngineer>false</shouldEngineer>
<engineerTo>
<item key="7FCE9CA5-7520-658C-21CB-CC694D6CE610" value="false"/>
</engineerTo>
<pk>true</pk>
<usedAttributes>
<attributeRef>6FBB19A4-18C4-A1BA-53F8-FDB7193F5D3C</attributeRef>
</usedAttributes>
</identifier>
</identifiers>
</Entity>