<?xml version = '1.0' encoding = 'UTF-8'?>
<Table class="oracle.dbtools.crest.model.design.relational.Table" directorySegmentName="seg_0" id="030D3CAF-6433-B514-E91F-3ECE898797BB" name="OrdenDeCompra">
<createdBy>Acer</createdBy>
<createdTime>2024-08-29 20:39:20 UTC</createdTime>
<generatorID>EB6A5D9A-3F1F-6DEC-B9FC-FB76A16D3E51</generatorID>
<ownerDesignName>SuperAndes Modelado</ownerDesignName>
<allowColumnReorder>false</allowColumnReorder>
<existDependencyGenerateInDDl>true</existDependencyGenerateInDDl>
<parsed>true</parsed>
<columns itemClass="oracle.dbtools.crest.model.design.relational.Column">
<Column name="id" id="26FF4165-37BA-DB50-A194-7B72521E3889">
<createdBy>Acer</createdBy>
<createdTime>2024-08-29 20:39:20 UTC</createdTime>
<generatorID>D43DACFE-9258-0078-46ED-6F7A14353BE5</generatorID>
<ownerDesignName>SuperAndes Modelado</ownerDesignName>
<useDomainConstraints>false</useDomainConstraints>
<use>1</use>
<logicalDatatype>LOGDT011</logicalDatatype>
<ownDataTypeParameters>,,</ownDataTypeParameters>
<autoIncrementCycle>false</autoIncrementCycle>
</Column>
<Column name="fechaCreacion" id="7A4F7D3B-9F99-EEF6-66AA-369F2646CD1D">
<createdBy>Acer</createdBy>
<createdTime>2024-08-29 20:39:20 UTC</createdTime>
<generatorID>B58F355F-17D7-0562-5D8E-7E4D9EF7C5A0</generatorID>
<ownerDesignName>SuperAndes Modelado</ownerDesignName>
<useDomainConstraints>false</useDomainConstraints>
<use>1</use>
<logicalDatatype>LOGDT007</logicalDatatype>
<ownDataTypeParameters>,,</ownDataTypeParameters>
<autoIncrementCycle>false</autoIncrementCycle>
</Column>
<Column name="estado" id="35182AF6-F32B-C663-580C-D78CB105F4FC">
<createdBy>Acer</createdBy>
<createdTime>2024-08-29 20:39:20 UTC</createdTime>
<generatorID>BBDA9B30-D046-EB21-B9CE-A2D2FC6088E0</generatorID>
<ownerDesignName>SuperAndes Modelado</ownerDesignName>
<nullsAllowed>true</nullsAllowed>
<useDomainConstraints>false</useDomainConstraints>
<use>1</use>
<logicalDatatype>LOGDT024</logicalDatatype>
<ownDataTypeParameters>,,</ownDataTypeParameters>
<autoIncrementCycle>false</autoIncrementCycle>
</Column>
<Column name="direccion" id="46ED4E4B-A863-E27E-7069-54BB7A0F7FA2">
<createdBy>Acer</createdBy>
<createdTime>2024-08-29 20:39:20 UTC</createdTime>
<generatorID>912E71C7-EC63-E295-070E-24977991D42A</generatorID>
<ownerDesignName>SuperAndes Modelado</ownerDesignName>
<nullsAllowed>true</nullsAllowed>
<useDomainConstraints>false</useDomainConstraints>
<use>1</use>
<logicalDatatype>LOGDT024</logicalDatatype>
<ownDataTypeParameters>,,</ownDataTypeParameters>
<autoIncrementCycle>false</autoIncrementCycle>
</Column>
<Column name="fechaEsperadaEntrega" id="22D90780-E2C3-C5B5-9A5B-5BAC95981E1F">
<createdBy>Acer</createdBy>
<createdTime>2024-08-29 20:39:20 UTC</createdTime>
<generatorID>93C8578E-9E00-AF39-BEC6-638D839EC6C2</generatorID>
<ownerDesignName>SuperAndes Modelado</ownerDesignName>
<nullsAllowed>true</nullsAllowed>
<useDomainConstraints>false</useDomainConstraints>
<use>1</use>
<logicalDatatype>LOGDT007</logicalDatatype>
<ownDataTypeParameters>,,</ownDataTypeParameters>
<autoIncrementCycle>false</autoIncrementCycle>
</Column>
<Column name="Proveedor_NIT" id="F7024CDC-F915-7383-7CE9-D4EDEF0B2DC5">
<createdBy>Acer</createdBy>
<createdTime>2024-08-29 20:39:20 UTC</createdTime>
<generatorID>F919E48D-9AD0-0804-145A-DCED837CF4C3</generatorID>
<ownerDesignName>SuperAndes Modelado</ownerDesignName>
<useDomainConstraints>false</useDomainConstraints>
<use>1</use>
<logicalDatatype>LOGDT011</logicalDatatype>
<ownDataTypeParameters>,,</ownDataTypeParameters>
<previousColumn>false</previousColumn>
<autoIncrementCycle>false</autoIncrementCycle>
<associations>
<colAssociation fkAssociation="E689F320-1C71-2578-9558-01EB3023F474" referredColumn="5DF5D9D8-CB88-35F0-7AF2-658AFAEAFC85"/>
</associations>
</Column>
<Column name="sucursal_id" id="53570E5F-7865-AA92-1685-49309D5B3872">
<createdBy>Acer</createdBy>
<createdTime>2024-08-29 20:39:20 UTC</createdTime>
<generatorID>8F548650-2F92-83AD-3F09-5F86BEA8011D</generatorID>
<ownerDesignName>SuperAndes Modelado</ownerDesignName>
<useDomainConstraints>false</useDomainConstraints>
<use>1</use>
<logicalDatatype>LOGDT011</logicalDatatype>
<ownDataTypeParameters>,,</ownDataTypeParameters>
<previousColumn>false</previousColumn>
<autoIncrementCycle>false</autoIncrementCycle>
<associations>
<colAssociation fkAssociation="76B161F7-97E5-199D-78D0-251E0BF024E1" referredColumn="11821E83-274F-3FC8-F891-F74F653B780F"/>
</associations>
</Column>
<Column name="RecepcionDeProductos_RecepcionDeProductos_ID" id="143142A7-2F35-78E6-9029-2B36EF1F51F9">
<createdBy>Acer</createdBy>
<createdTime>2024-08-29 20:39:20 UTC</createdTime>
<ownerDesignName>SuperAndes Modelado</ownerDesignName>
<useDomainConstraints>false</useDomainConstraints>
<use>1</use>
<logicalDatatype>LOGDT019</logicalDatatype>
<ownDataTypeParameters>,,</ownDataTypeParameters>
<previousColumn>false</previousColumn>
<autoIncrementCycle>false</autoIncrementCycle>
<associations>
<colAssociation fkAssociation="04365670-D72D-FD50-E308-AF4449388390" referredColumn="920692DC-6D78-604F-A6D0-04B266768216"/>
</associations>
</Column>
<Column name="NIT" id="3C7F9EF6-B77C-BAF6-7D38-56631C1968FE">
<createdBy>Acer</createdBy>
<createdTime>2024-08-29 21:01:41 UTC</createdTime>
<generatorID>6E005BDB-C9C3-D0C8-0FB0-5D680F2A4C1A</generatorID>
<ownerDesignName>SuperAndes Modelado</ownerDesignName>
<useDomainConstraints>false</useDomainConstraints>
<use>1</use>
<logicalDatatype>LOGDT011</logicalDatatype>
<ownDataTypeParameters>,,</ownDataTypeParameters>
<previousColumn>false</previousColumn>
<autoIncrementCycle>false</autoIncrementCycle>
</Column>
</columns>
<indexes itemClass="oracle.dbtools.crest.model.design.relational.Index">
<ind_PK_UK id="0265F9EF-6E1C-3D4D-C5FC-F68AC8C6FDE1" name="OrdenDeCompra_PK">
<createdBy>Acer</createdBy>
<createdTime>2024-08-29 20:39:20 UTC</createdTime>
<generatorID>5228C99E-D4F9-CB09-F9EA-51D23694D976</generatorID>
<ownerDesignName>SuperAndes Modelado</ownerDesignName>
<pk>true</pk>
<indexState>Primary Constraint</indexState>
<isSurrogateKey>false</isSurrogateKey>
<indexColumnUsage>
<colUsage columnID="26FF4165-37BA-DB50-A194-7B72521E3889"/>
</indexColumnUsage>
</ind_PK_UK>
<ind_PK_UK id="9BBDB693-ED1D-FF0E-65B6-1C4305DC9749" name="OrdenDeCompra__IDX">
<createdBy>Acer</createdBy>
<createdTime>2024-08-29 20:39:20 UTC</createdTime>
<ownerDesignName>SuperAndes Modelado</ownerDesignName>
<indexState>Unique Plain Index</indexState>
<isSurrogateKey>false</isSurrogateKey>
<relationGeneratorID>31DA3711-CE79-816A-F3EE-7727F1F30502</relationGeneratorID>
<indexColumnUsage>
<colUsage columnID="143142A7-2F35-78E6-9029-2B36EF1F51F9"/>
</indexColumnUsage>
</ind_PK_UK>
<ind_PK_UK id="6F44D258-6D0A-49A1-0156-CB777394F827" name="OrdenDeCompra_sucursal_FK">
<createdBy>Acer</createdBy>
<createdTime>2024-08-29 20:39:20 UTC</createdTime>
<generatorID>384D7938-BC8C-89EE-7D72-85F987B20317</generatorID>
<ownerDesignName>SuperAndes Modelado</ownerDesignName>
<indexState>Foreign Key</indexState>
<isSurrogateKey>false</isSurrogateKey>
<indexColumnUsage>
<colUsage columnID="53570E5F-7865-AA92-1685-49309D5B3872"/>
</indexColumnUsage>
</ind_PK_UK>
<ind_PK_UK id="5C98E5B5-EFDD-5A8D-1F46-F38ECE453D97" name="OrdenDeCompra_Proveedor_FK">
<createdBy>Acer</createdBy>
<createdTime>2024-08-29 20:39:20 UTC</createdTime>
<generatorID>E058718F-BF66-5014-E796-D1ED03FC2257</generatorID>
<ownerDesignName>SuperAndes Modelado</ownerDesignName>
<indexState>Foreign Key</indexState>
<isSurrogateKey>false</isSurrogateKey>
<indexColumnUsage>
<colUsage columnID="F7024CDC-F915-7383-7CE9-D4EDEF0B2DC5"/>
</indexColumnUsage>
</ind_PK_UK>
<ind_PK_UK id="C8C1B779-F803-784B-A403-449B17D3A4DA" name="OrdenDeCompra_RecepcionDeProductos_FK">
<createdBy>Acer</createdBy>
<createdTime>2024-09-01 22:16:40 UTC</createdTime>
<generatorID>31DA3711-CE79-816A-F3EE-7727F1F30502</generatorID>
<ownerDesignName>SuperAndes Modelado</ownerDesignName>
<indexState>Foreign Key</indexState>
<isSurrogateKey>false</isSurrogateKey>
<indexColumnUsage>
<colUsage columnID="143142A7-2F35-78E6-9029-2B36EF1F51F9"/>
</indexColumnUsage>
</ind_PK_UK>
</indexes>
</Table>