<?xml version = '1.0' encoding = 'UTF-8'?>
<Table class="oracle.dbtools.crest.model.design.relational.Table" directorySegmentName="seg_0" id="03A802D8-873B-36B9-4492-5080D154BC04" name="Producto">
<createdBy>Acer</createdBy>
<createdTime>2024-08-29 20:39:20 UTC</createdTime>
<generatorID>94CA4C83-252B-0A3A-6E37-AAF206F59589</generatorID>
<ownerDesignName>SuperAndes Modelado</ownerDesignName>
<allowColumnReorder>false</allowColumnReorder>
<existDependencyGenerateInDDl>true</existDependencyGenerateInDDl>
<parsed>true</parsed>
<columns itemClass="oracle.dbtools.crest.model.design.relational.Column">
<Column name="codigoBarras" id="FA051849-FE35-60DD-35B1-32E42F71A189">
<createdBy>Acer</createdBy>
<createdTime>2024-08-29 20:39:20 UTC</createdTime>
<generatorID>95A80551-FECC-444B-A440-ED33B3259A86</generatorID>
<ownerDesignName>SuperAndes Modelado</ownerDesignName>
<useDomainConstraints>false</useDomainConstraints>
<use>1</use>
<logicalDatatype>LOGDT024</logicalDatatype>
<ownDataTypeParameters>,,</ownDataTypeParameters>
<autoIncrementCycle>false</autoIncrementCycle>
</Column>
<Column name="nombre" id="15804066-434B-89D0-5EAB-10405EEC730B">
<createdBy>Acer</createdBy>
<createdTime>2024-08-29 20:39:20 UTC</createdTime>
<generatorID>48F24FAB-D8D2-D5AE-CE52-A1FE264E6CEE</generatorID>
<ownerDesignName>SuperAndes Modelado</ownerDesignName>
<useDomainConstraints>false</useDomainConstraints>
<use>1</use>
<logicalDatatype>LOGDT024</logicalDatatype>
<ownDataTypeParameters>,,</ownDataTypeParameters>
<autoIncrementCycle>false</autoIncrementCycle>
</Column>
<Column name="fechaExpiracion" id="04F74C32-027A-D82B-69A6-1004A5FE96DC">
<createdBy>Acer</createdBy>
<createdTime>2024-08-29 20:39:20 UTC</createdTime>
<generatorID>B3778412-0B18-D16D-E8E9-67B8EA7341BB</generatorID>
<ownerDesignName>SuperAndes Modelado</ownerDesignName>
<nullsAllowed>true</nullsAllowed>
<useDomainConstraints>false</useDomainConstraints>
<use>1</use>
<logicalDatatype>LOGDT007</logicalDatatype>
<ownDataTypeParameters>,,</ownDataTypeParameters>
<autoIncrementCycle>false</autoIncrementCycle>
</Column>
<Column name="Categoria_codigo" id="36A716B6-A563-5D7E-4D80-8B588ADD2595">
<createdBy>Acer</createdBy>
<createdTime>2024-08-29 20:39:20 UTC</createdTime>
<generatorID>F62737DF-B0EB-9B91-119A-282C4ACDFFEE</generatorID>
<ownerDesignName>SuperAndes Modelado</ownerDesignName>
<useDomainConstraints>false</useDomainConstraints>
<use>1</use>
<logicalDatatype>LOGDT011</logicalDatatype>
<ownDataTypeParameters>,,</ownDataTypeParameters>
<previousColumn>false</previousColumn>
<autoIncrementCycle>false</autoIncrementCycle>
<associations>
<colAssociation fkAssociation="5DE1E9D1-74B8-B9EF-88E4-BC98F945015C" referredColumn="AE14AF84-845D-8EC4-95FC-80AE4A38229F"/>
</associations>
</Column>
</columns>
<indexes itemClass="oracle.dbtools.crest.model.design.relational.Index">
<ind_PK_UK id="BBE46427-68DE-3F6D-0BA6-B37B274CA48B" name="Producto_PK">
<createdBy>Acer</createdBy>
<createdTime>2024-08-29 20:39:20 UTC</createdTime>
<generatorID>2910BB81-5468-CFD8-EAF0-2BF18E2C59E7</generatorID>
<ownerDesignName>SuperAndes Modelado</ownerDesignName>
<pk>true</pk>
<indexState>Primary Constraint</indexState>
<isSurrogateKey>false</isSurrogateKey>
<indexColumnUsage>
<colUsage columnID="FA051849-FE35-60DD-35B1-32E42F71A189"/>
</indexColumnUsage>
</ind_PK_UK>
<ind_PK_UK id="CB4A787D-04DC-E86B-FE8E-AB8A6226E8AF" name="Producto_Categoria_FK">
<createdBy>Acer</createdBy>
<createdTime>2024-08-29 20:39:20 UTC</createdTime>
<generatorID>F6387B25-1BB9-38B1-B108-ECAD8ADE46F8</generatorID>
<ownerDesignName>SuperAndes Modelado</ownerDesignName>
<indexState>Foreign Key</indexState>
<isSurrogateKey>false</isSurrogateKey>
<indexColumnUsage>
<colUsage columnID="36A716B6-A563-5D7E-4D80-8B588ADD2595"/>
</indexColumnUsage>
</ind_PK_UK>
</indexes>
</Table>