<?xml version = '1.0' encoding = 'UTF-8'?>
<Table class="oracle.dbtools.crest.model.design.relational.Table" directorySegmentName="seg_0" id="18E553D0-8B7A-E100-C8C4-88C15E87822B" name="sucursal">
<createdBy>Acer</createdBy>
<createdTime>2024-08-29 20:39:20 UTC</createdTime>
<generatorID>D8F9FF82-B78F-E29F-5461-18642FFAB5D2</generatorID>
<ownerDesignName>SuperAndes Modelado</ownerDesignName>
<allowColumnReorder>false</allowColumnReorder>
<existDependencyGenerateInDDl>true</existDependencyGenerateInDDl>
<parsed>true</parsed>
<columns itemClass="oracle.dbtools.crest.model.design.relational.Column">
<Column name="id" id="11821E83-274F-3FC8-F891-F74F653B780F">
<createdBy>Acer</createdBy>
<createdTime>2024-08-29 20:39:20 UTC</createdTime>
<generatorID>82D575BF-0FC8-BD74-1E0D-8C4923B399DB</generatorID>
<ownerDesignName>SuperAndes Modelado</ownerDesignName>
<useDomainConstraints>false</useDomainConstraints>
<use>1</use>
<logicalDatatype>LOGDT011</logicalDatatype>
<ownDataTypeParameters>,,</ownDataTypeParameters>
<autoIncrementCycle>false</autoIncrementCycle>
</Column>
<Column name="nombre" id="EC3482D3-A8C5-9106-CB55-63B9B7402870">
<createdBy>Acer</createdBy>
<createdTime>2024-08-29 20:39:20 UTC</createdTime>
<generatorID>9C5157E7-13FA-7C36-CBB6-3A95A994253D</generatorID>
<ownerDesignName>SuperAndes Modelado</ownerDesignName>
<nullsAllowed>true</nullsAllowed>
<useDomainConstraints>false</useDomainConstraints>
<use>1</use>
<logicalDatatype>LOGDT024</logicalDatatype>
<ownDataTypeParameters>,,</ownDataTypeParameters>
<autoIncrementCycle>false</autoIncrementCycle>
</Column>
<Column name="direccion" id="A24C3D7E-8DAA-EC71-2C65-DD6469961496">
<createdBy>Acer</createdBy>
<createdTime>2024-08-29 20:39:20 UTC</createdTime>
<generatorID>FFABF3E6-8796-A868-996A-8BF643763A5C</generatorID>
<ownerDesignName>SuperAndes Modelado</ownerDesignName>
<nullsAllowed>true</nullsAllowed>
<useDomainConstraints>false</useDomainConstraints>
<use>1</use>
<logicalDatatype>LOGDT024</logicalDatatype>
<ownDataTypeParameters>,,</ownDataTypeParameters>
<autoIncrementCycle>false</autoIncrementCycle>
</Column>
<Column name="telefono" id="2831A7C0-B8CB-5A33-83ED-BD1A8BD66D92">
<createdBy>Acer</createdBy>
<createdTime>2024-08-29 20:39:20 UTC</createdTime>
<generatorID>9605997C-A6A8-087B-C08B-223FAC416384</generatorID>
<ownerDesignName>SuperAndes Modelado</ownerDesignName>
<nullsAllowed>true</nullsAllowed>
<useDomainConstraints>false</useDomainConstraints>
<use>1</use>
<logicalDatatype>LOGDT011</logicalDatatype>
<ownDataTypeParameters>,,</ownDataTypeParameters>
<autoIncrementCycle>false</autoIncrementCycle>
</Column>
<Column name="ciudad_codigo" id="1403F4FF-7AD9-1BE2-0B90-4CB9BC0E16FD">
<createdBy>Acer</createdBy>
<createdTime>2024-08-29 20:39:20 UTC</createdTime>
<generatorID>4FA67C9C-E757-545D-F64A-A1701895D3EE</generatorID>
<ownerDesignName>SuperAndes Modelado</ownerDesignName>
<useDomainConstraints>false</useDomainConstraints>
<use>1</use>
<logicalDatatype>LOGDT011</logicalDatatype>
<ownDataTypeParameters>,,</ownDataTypeParameters>
<previousColumn>false</previousColumn>
<autoIncrementCycle>false</autoIncrementCycle>
<associations>
<colAssociation fkAssociation="A9E61289-8DD9-7EA7-2972-8AA383958A21" referredColumn="0D3A8690-4CBD-D8B2-EB47-2EEAC03D7303"/>
</associations>
</Column>
<Column name="SucursalProducto_numeroRegistro" id="084DAB06-08AA-0D81-4AA4-0EE6AE5A2B2F">
<createdBy>Acer</createdBy>
<createdTime>2024-09-01 22:15:56 UTC</createdTime>
<generatorID>B778846F-22F5-A9C5-3C0B-560FB40722F5</generatorID>
<ownerDesignName>SuperAndes Modelado</ownerDesignName>
<useDomainConstraints>false</useDomainConstraints>
<use>1</use>
<logicalDatatype>LOGDT011</logicalDatatype>
<ownDataTypeParameters>,,</ownDataTypeParameters>
<previousColumn>false</previousColumn>
<autoIncrementCycle>false</autoIncrementCycle>
<associations>
<colAssociation fkAssociation="56D01202-7683-561A-E222-A286AD8EAED7" referredColumn="207D175B-C060-FFD4-772E-FE126F9CB364"/>
</associations>
</Column>
</columns>
<indexes itemClass="oracle.dbtools.crest.model.design.relational.Index">
<ind_PK_UK id="48C742A5-D45A-5AC6-FE49-F62FC33B2E3C" name="sucursal_PK">
<createdBy>Acer</createdBy>
<createdTime>2024-08-29 20:39:20 UTC</createdTime>
<generatorID>0A6BDEB8-2B06-85F8-F5A8-038DDD91A1DE</generatorID>
<ownerDesignName>SuperAndes Modelado</ownerDesignName>
<pk>true</pk>
<indexState>Primary Constraint</indexState>
<isSurrogateKey>false</isSurrogateKey>
<indexColumnUsage>
<colUsage columnID="11821E83-274F-3FC8-F891-F74F653B780F"/>
</indexColumnUsage>
</ind_PK_UK>
<ind_PK_UK id="59814285-5159-7F4D-5293-3E96ADB50528" name="sucursal_ciudad_FK">
<createdBy>Acer</createdBy>
<createdTime>2024-08-29 20:39:20 UTC</createdTime>
<generatorID>17EFD5DF-9703-4916-3365-29543E0F40F4</generatorID>
<ownerDesignName>SuperAndes Modelado</ownerDesignName>
<indexState>Foreign Key</indexState>
<isSurrogateKey>false</isSurrogateKey>
<indexColumnUsage>
<colUsage columnID="1403F4FF-7AD9-1BE2-0B90-4CB9BC0E16FD"/>
</indexColumnUsage>
</ind_PK_UK>
<ind_PK_UK id="3FCF7E76-9201-2238-279F-4D3E8AB1C9EC" name="sucursal_SucursalProducto_FK">
<createdBy>Acer</createdBy>
<createdTime>2024-09-01 22:15:56 UTC</createdTime>
<generatorID>45780EC4-5931-1732-2E97-15B9CF7A1B0B</generatorID>
<ownerDesignName>SuperAndes Modelado</ownerDesignName>
<indexState>Foreign Key</indexState>
<isSurrogateKey>false</isSurrogateKey>
<indexColumnUsage>
<colUsage columnID="084DAB06-08AA-0D81-4AA4-0EE6AE5A2B2F"/>
</indexColumnUsage>
</ind_PK_UK>
</indexes>
</Table>