<?xml version = '1.0' encoding = 'UTF-8'?>
<Table class="oracle.dbtools.crest.model.design.relational.Table" directorySegmentName="seg_0" id="1DE4CF3D-641A-6070-D525-F866D795451F" name="SucursalProducto">
<createdBy>Acer</createdBy>
<createdTime>2024-09-01 22:15:56 UTC</createdTime>
<generatorID>EAABD443-1DED-4D37-CCB5-7D6C92600520</generatorID>
<ownerDesignName>SuperAndes Modelado</ownerDesignName>
<allowColumnReorder>false</allowColumnReorder>
<existDependencyGenerateInDDl>true</existDependencyGenerateInDDl>
<parsed>true</parsed>
<columns itemClass="oracle.dbtools.crest.model.design.relational.Column">
<Column name="numeroRegistro" id="207D175B-C060-FFD4-772E-FE126F9CB364">
<createdBy>Acer</createdBy>
<createdTime>2024-09-01 22:15:56 UTC</createdTime>
<generatorID>10749589-731B-6DCD-BC17-3A24F0D4251A</generatorID>
<ownerDesignName>SuperAndes Modelado</ownerDesignName>
<useDomainConstraints>false</useDomainConstraints>
<use>1</use>
<logicalDatatype>LOGDT011</logicalDatatype>
<ownDataTypeParameters>,,</ownDataTypeParameters>
<autoIncrementCycle>false</autoIncrementCycle>
</Column>
<Column name="nivelMinimo" id="2396D810-4E6C-66F2-8B97-9DB6B24C666A">
<createdBy>Acer</createdBy>
<createdTime>2024-09-01 22:15:56 UTC</createdTime>
<generatorID>52CE4016-351B-393A-F5BA-75F8F3057396</generatorID>
<ownerDesignName>SuperAndes Modelado</ownerDesignName>
<nullsAllowed>true</nullsAllowed>
<useDomainConstraints>false</useDomainConstraints>
<use>1</use>
<logicalDatatype>LOGDT011</logicalDatatype>
<ownDataTypeParameters>,,</ownDataTypeParameters>
<autoIncrementCycle>false</autoIncrementCycle>
</Column>
<Column name="Producto_codigoBarras" id="4CFE2D14-63DA-220C-7334-3238882902DF">
<createdBy>Acer</createdBy>
<createdTime>2024-09-01 22:15:56 UTC</createdTime>
<generatorID>667221AA-47C1-7C1E-244A-2A80D43D4D5B</generatorID>
<ownerDesignName>SuperAndes Modelado</ownerDesignName>
<useDomainConstraints>false</useDomainConstraints>
<use>1</use>
<logicalDatatype>LOGDT024</logicalDatatype>
<ownDataTypeParameters>,,</ownDataTypeParameters>
<previousColumn>false</previousColumn>
<autoIncrementCycle>false</autoIncrementCycle>
<associations>
<colAssociation fkAssociation="BD0B0D2B-6C53-24F4-2EDB-341DC389CD52" referredColumn="FA051849-FE35-60DD-35B1-32E42F71A189"/>
</associations>
</Column>
</columns>
<indexes itemClass="oracle.dbtools.crest.model.design.relational.Index">
<ind_PK_UK id="A287983D-20FD-9D08-BD82-1ECF3B0395C8" name="SucursalProducto_PK">
<createdBy>Acer</createdBy>
<createdTime>2024-09-01 22:15:56 UTC</createdTime>
<generatorID>189C7B45-9078-B398-6BA3-6B2D7485239B</generatorID>
<ownerDesignName>SuperAndes Modelado</ownerDesignName>
<pk>true</pk>
<indexState>Primary Constraint</indexState>
<isSurrogateKey>false</isSurrogateKey>
<indexColumnUsage>
<colUsage columnID="207D175B-C060-FFD4-772E-FE126F9CB364"/>
</indexColumnUsage>
</ind_PK_UK>
<ind_PK_UK id="C9D34745-1461-18BC-7F51-5058E4D1F366" name="SucursalProducto_Producto_FK">
<createdBy>Acer</createdBy>
<createdTime>2024-09-01 22:15:56 UTC</createdTime>
<generatorID>5F77D9AF-BF2E-F7E8-791A-FA806493C57F</generatorID>
<ownerDesignName>SuperAndes Modelado</ownerDesignName>
<indexState>Foreign Key</indexState>
<isSurrogateKey>false</isSurrogateKey>
<indexColumnUsage>
<colUsage columnID="4CFE2D14-63DA-220C-7334-3238882902DF"/>
</indexColumnUsage>
</ind_PK_UK>
</indexes>
</Table>