<?xml version = '1.0' encoding = 'UTF-8'?>
<Table class="oracle.dbtools.crest.model.design.relational.Table" directorySegmentName="seg_0" id="31BE35D7-C680-860E-3276-C5B9C02699FD" name="DetalleOrden">
<createdBy>Acer</createdBy>
<createdTime>2024-09-01 22:15:56 UTC</createdTime>
<generatorID>609CC03E-71E2-1E6B-5D0A-859346D9D94E</generatorID>
<ownerDesignName>SuperAndes Modelado</ownerDesignName>
<allowColumnReorder>false</allowColumnReorder>
<existDependencyGenerateInDDl>true</existDependencyGenerateInDDl>
<parsed>true</parsed>
<columns itemClass="oracle.dbtools.crest.model.design.relational.Column">
<Column name="cantidadDeseada" id="27363C7C-6D9E-D901-A15C-D92264588D33">
<createdBy>Acer</createdBy>
<createdTime>2024-09-01 22:15:56 UTC</createdTime>
<generatorID>AAA66082-4D94-35F3-FA39-7C428319659A</generatorID>
<ownerDesignName>SuperAndes Modelado</ownerDesignName>
<nullsAllowed>true</nullsAllowed>
<useDomainConstraints>false</useDomainConstraints>
<use>1</use>
<logicalDatatype>LOGDT011</logicalDatatype>
<ownDataTypeParameters>,,</ownDataTypeParameters>
<autoIncrementCycle>false</autoIncrementCycle>
</Column>
<Column name="id" id="A63A7090-4C9C-3CC1-EC40-DA0E33621AEC">
<createdBy>Acer</createdBy>
<createdTime>2024-09-01 22:15:56 UTC</createdTime>
<generatorID>6E672772-B736-7C51-D22C-E674668493FF</generatorID>
<ownerDesignName>SuperAndes Modelado</ownerDesignName>
<useDomainConstraints>false</useDomainConstraints>
<use>1</use>
<logicalDatatype>LOGDT011</logicalDatatype>
<ownDataTypeParameters>,,</ownDataTypeParameters>
<autoIncrementCycle>false</autoIncrementCycle>
</Column>
<Column name="OrdenDeCompra_id" id="C511E545-7287-FF07-6ED9-A81AA773A02F">
<createdBy>Acer</createdBy>
<createdTime>2024-09-01 22:15:56 UTC</createdTime>
<generatorID>A4DD41F1-B288-48A6-72A2-41F86D731278</generatorID>
<ownerDesignName>SuperAndes Modelado</ownerDesignName>
<useDomainConstraints>false</useDomainConstraints>
<use>1</use>
<logicalDatatype>LOGDT011</logicalDatatype>
<ownDataTypeParameters>,,</ownDataTypeParameters>
<previousColumn>false</previousColumn>
<autoIncrementCycle>false</autoIncrementCycle>
<associations>
<colAssociation fkAssociation="570A4198-8F5F-5FC1-520B-E646060092BE" referredColumn="26FF4165-37BA-DB50-A194-7B72521E3889"/>
</associations>
</Column>
</columns>
<indexes itemClass="oracle.dbtools.crest.model.design.relational.Index">
<ind_PK_UK id="E4DF1678-8C11-26C4-3AB9-A5FA7A76BE39" name="DetalleOrden_PK">
<createdBy>Acer</createdBy>
<createdTime>2024-09-01 22:15:56 UTC</createdTime>
<generatorID>2532725C-E95A-6910-FFE9-6F6E0A50DB36</generatorID>
<ownerDesignName>SuperAndes Modelado</ownerDesignName>
<pk>true</pk>
<indexState>Primary Constraint</indexState>
<isSurrogateKey>false</isSurrogateKey>
<indexColumnUsage>
<colUsage columnID="A63A7090-4C9C-3CC1-EC40-DA0E33621AEC"/>
</indexColumnUsage>
</ind_PK_UK>
<ind_PK_UK id="044054F5-A455-A8D8-D2DF-3781E6A5CF12" name="DetalleOrden_OrdenDeCompra_FK">
<createdBy>Acer</createdBy>
<createdTime>2024-09-01 22:15:56 UTC</createdTime>
<generatorID>19626C1E-F430-22EC-BDCD-E023E26F7F2D</generatorID>
<ownerDesignName>SuperAndes Modelado</ownerDesignName>
<indexState>Foreign Key</indexState>
<isSurrogateKey>false</isSurrogateKey>
<indexColumnUsage>
<colUsage columnID="C511E545-7287-FF07-6ED9-A81AA773A02F"/>
</indexColumnUsage>
</ind_PK_UK>
</indexes>
</Table>