<?xml version = '1.0' encoding = 'UTF-8'?>
<Table class="oracle.dbtools.crest.model.design.relational.Table" directorySegmentName="seg_0" id="9DCEE563-2917-E0D6-6ECA-AB9F43FF040C" name="almacena">
<createdBy>Acer</createdBy>
<createdTime>2024-08-29 20:39:20 UTC</createdTime>
<ownerDesignName>SuperAndes Modelado</ownerDesignName>
<allowColumnReorder>false</allowColumnReorder>
<existDependencyGenerateInDDl>true</existDependencyGenerateInDDl>
<parsed>true</parsed>
<columns itemClass="oracle.dbtools.crest.model.design.relational.Column">
<Column name="Bodega_id" id="39E17B58-29C3-6966-CADD-502FF0F0029B">
<createdBy>Acer</createdBy>
<createdTime>2024-08-29 20:39:20 UTC</createdTime>
<ownerDesignName>SuperAndes Modelado</ownerDesignName>
<use>1</use>
<logicalDatatype>LOGDT011</logicalDatatype>
<ownDataTypeParameters>,,</ownDataTypeParameters>
<previousColumn>false</previousColumn>
<autoIncrementCycle>false</autoIncrementCycle>
<associations>
<colAssociation fkAssociation="22EA834E-3FDC-9A7E-9EC3-2ACFDE743A2E" referredColumn="410B2989-4A36-3D36-DEED-F3A9191D37D8"/>
</associations>
</Column>
<Column name="DetalleProducto_id" id="DD8AE17A-8E7F-1427-A170-CE310E14FFB8">
<createdBy>Acer</createdBy>
<createdTime>2024-08-29 20:39:20 UTC</createdTime>
<ownerDesignName>SuperAndes Modelado</ownerDesignName>
<use>1</use>
<logicalDatatype>LOGDT011</logicalDatatype>
<ownDataTypeParameters>,,</ownDataTypeParameters>
<previousColumn>false</previousColumn>
<autoIncrementCycle>false</autoIncrementCycle>
<associations>
<colAssociation fkAssociation="8B6269EB-1E7D-BB27-EEBF-E4B4590E2257" referredColumn="4CE4C22A-A4EB-F8FF-81E9-44F11DE632F3"/>
</associations>
</Column>
</columns>
<indexes itemClass="oracle.dbtools.crest.model.design.relational.Index">
<ind_PK_UK id="6AE525E3-A134-3D77-F933-4763B01F518C" name="almacena_PK">
<createdBy>Acer</createdBy>
<createdTime>2024-08-29 20:39:20 UTC</createdTime>
<ownerDesignName>SuperAndes Modelado</ownerDesignName>
<pk>true</pk>
<indexState>Primary Constraint</indexState>
<isSurrogateKey>false</isSurrogateKey>
<indexColumnUsage>
<colUsage columnID="39E17B58-29C3-6966-CADD-502FF0F0029B"/>
<colUsage columnID="DD8AE17A-8E7F-1427-A170-CE310E14FFB8"/>
</indexColumnUsage>
</ind_PK_UK>
<ind_PK_UK id="FA5ADD86-0C03-61AD-79F0-560F413A1E41" name="almacena_Bodega_FK">
<createdBy>Acer</createdBy>
<createdTime>2024-08-29 20:39:20 UTC</createdTime>
<generatorID>6ED46438-F745-247E-91D0-13DE43C1B155</generatorID>
<ownerDesignName>SuperAndes Modelado</ownerDesignName>
<indexState>Foreign Key</indexState>
<isSurrogateKey>false</isSurrogateKey>
<indexColumnUsage>
<colUsage columnID="39E17B58-29C3-6966-CADD-502FF0F0029B"/>
</indexColumnUsage>
</ind_PK_UK>
<ind_PK_UK id="791AB3F2-785E-F10F-C63F-CBD8BDA785B1" name="almacena_DetalleProducto_FK">
<createdBy>Acer</createdBy>
<createdTime>2024-08-29 20:39:20 UTC</createdTime>
<generatorID>6ED46438-F745-247E-91D0-13DE43C1B155</generatorID>
<ownerDesignName>SuperAndes Modelado</ownerDesignName>
<indexState>Foreign Key</indexState>
<isSurrogateKey>false</isSurrogateKey>
<indexColumnUsage>
<colUsage columnID="DD8AE17A-8E7F-1427-A170-CE310E14FFB8"/>
</indexColumnUsage>
</ind_PK_UK>
</indexes>
</Table>