<?xml version = '1.0' encoding = 'UTF-8'?>
<Table class="oracle.dbtools.crest.model.design.relational.Table" directorySegmentName="seg_0" id="EF5666A8-4DB3-5318-3B0F-6D0C6469723D" name="Categoria">
<createdBy>Acer</createdBy>
<createdTime>2024-08-29 20:39:20 UTC</createdTime>
<generatorID>13348A42-8A54-1DE5-6A05-F8C058FFA489</generatorID>
<ownerDesignName>SuperAndes Modelado</ownerDesignName>
<allowColumnReorder>false</allowColumnReorder>
<existDependencyGenerateInDDl>true</existDependencyGenerateInDDl>
<parsed>true</parsed>
<columns itemClass="oracle.dbtools.crest.model.design.relational.Column">
<Column name="codigo" id="AE14AF84-845D-8EC4-95FC-80AE4A38229F">
<createdBy>Acer</createdBy>
<createdTime>2024-08-29 20:39:20 UTC</createdTime>
<generatorID>626E2421-79EA-7A8D-CD87-419844CCBE6D</generatorID>
<ownerDesignName>SuperAndes Modelado</ownerDesignName>
<useDomainConstraints>false</useDomainConstraints>
<use>1</use>
<logicalDatatype>LOGDT011</logicalDatatype>
<ownDataTypeParameters>,,</ownDataTypeParameters>
<autoIncrementCycle>false</autoIncrementCycle>
</Column>
<Column name="nombre" id="AB73551B-C4F9-D2CC-B816-A7A5AB04F9B6">
<createdBy>Acer</createdBy>
<createdTime>2024-08-29 20:39:20 UTC</createdTime>
<generatorID>6E0A0F99-F1B9-1531-612D-A2D9E70389C0</generatorID>
<ownerDesignName>SuperAndes Modelado</ownerDesignName>
<nullsAllowed>true</nullsAllowed>
<useDomainConstraints>false</useDomainConstraints>
<use>1</use>
<logicalDatatype>LOGDT024</logicalDatatype>
<ownDataTypeParameters>,,</ownDataTypeParameters>
<autoIncrementCycle>false</autoIncrementCycle>
</Column>
<Column name="descripcion" id="7D91FC64-B41B-0B9C-0511-AEFFD975E6BE">
<createdBy>Acer</createdBy>
<createdTime>2024-08-29 20:39:20 UTC</createdTime>
<generatorID>BD1BF52B-32B2-B9FF-EFF4-99D0D68A3743</generatorID>
<ownerDesignName>SuperAndes Modelado</ownerDesignName>
<nullsAllowed>true</nullsAllowed>
<useDomainConstraints>false</useDomainConstraints>
<use>1</use>
<logicalDatatype>LOGDT024</logicalDatatype>
<ownDataTypeParameters>,,</ownDataTypeParameters>
<autoIncrementCycle>false</autoIncrementCycle>
</Column>
<Column name="caracteristicasAlmacenamiento" id="0418282C-9BFE-DCA8-B290-C7C5797BDD39">
<createdBy>Acer</createdBy>
<createdTime>2024-08-29 20:39:20 UTC</createdTime>
<generatorID>10983116-197A-D2E4-2A92-E7AB0D605386</generatorID>
<ownerDesignName>SuperAndes Modelado</ownerDesignName>
<nullsAllowed>true</nullsAllowed>
<useDomainConstraints>false</useDomainConstraints>
<use>1</use>
<logicalDatatype>LOGDT024</logicalDatatype>
<ownDataTypeParameters>,,</ownDataTypeParameters>
<autoIncrementCycle>false</autoIncrementCycle>
</Column>
</columns>
<indexes itemClass="oracle.dbtools.crest.model.design.relational.Index">
<ind_PK_UK id="8953B72A-E085-0E2B-8995-02FF6FD3BA57" name="Categoria_PK">
<createdBy>Acer</createdBy>
<createdTime>2024-08-29 20:39:20 UTC</createdTime>
<generatorID>97D23FE3-7C0E-45EA-19DD-8459C61DDA35</generatorID>
<ownerDesignName>SuperAndes Modelado</ownerDesignName>
<pk>true</pk>
<indexState>Primary Constraint</indexState>
<isSurrogateKey>false</isSurrogateKey>
<indexColumnUsage>
<colUsage columnID="AE14AF84-845D-8EC4-95FC-80AE4A38229F"/>
</indexColumnUsage>
</ind_PK_UK>
</indexes>
</Table>