<?xml version = '1.0' encoding = 'UTF-8'?>
<FKIndexAssociation class="oracle.dbtools.crest.model.design.relational.FKIndexAssociation" directorySegmentName="seg_0" id="2AB4C4C6-7A28-021E-2CC5-531E89B235FA" containerWithKeyObject="71BC3FCC-8C8F-D2AB-2067-AD015EEE6487" localFKIndex="211E9CEC-A4CC-D878-E90A-BA55A80A4A46" name="incluye_OrdenDeCompra_FK">
<createdBy>Acer</createdBy>
<createdTime>2024-08-29 20:39:20 UTC</createdTime>
<generatorID>672E56C6-D301-2365-F070-61530C733F01</generatorID>
<ownerDesignName>SuperAndes Modelado</ownerDesignName>
<referredTableLongName>OrdenDeCompra</referredTableLongName>
<deleteRule>NO ACTION</deleteRule>
<referredTableID>030D3CAF-6433-B514-E91F-3ECE898797BB</referredTableID>
<keyObject>0265F9EF-6E1C-3D4D-C5FC-F68AC8C6FDE1</keyObject>
<referredKeyID>0265F9EF-6E1C-3D4D-C5FC-F68AC8C6FDE1</referredKeyID>
<mandatory>true</mandatory>
<refColNames>id</refColNames>
<transferable>true</transferable>
<rely>false</rely>
<columnDependencyConstraintGenerateInDDL>true</columnDependencyConstraintGenerateInDDL>
</FKIndexAssociation>