<?xml version = '1.0' encoding = 'UTF-8'?>
<FKIndexAssociation class="oracle.dbtools.crest.model.design.relational.FKIndexAssociation" directorySegmentName="seg_0" id="5DE1E9D1-74B8-B9EF-88E4-BC98F945015C" containerWithKeyObject="03A802D8-873B-36B9-4492-5080D154BC04" localFKIndex="CB4A787D-04DC-E86B-FE8E-AB8A6226E8AF" name="Producto_Categoria_FK">
<createdBy>Acer</createdBy>
<createdTime>2024-08-29 20:39:20 UTC</createdTime>
<generatorID>F6387B25-1BB9-38B1-B108-ECAD8ADE46F8</generatorID>
<ownerDesignName>SuperAndes Modelado</ownerDesignName>
<referredTableLongName>Categoria</referredTableLongName>
<deleteRule>NO ACTION</deleteRule>
<referredTableID>EF5666A8-4DB3-5318-3B0F-6D0C6469723D</referredTableID>
<keyObject>8953B72A-E085-0E2B-8995-02FF6FD3BA57</keyObject>
<referredKeyID>8953B72A-E085-0E2B-8995-02FF6FD3BA57</referredKeyID>
<mandatory>true</mandatory>
<refColNames>codigo</refColNames>
<transferable>true</transferable>
<rely>false</rely>
<columnDependencyConstraintGenerateInDDL>true</columnDependencyConstraintGenerateInDDL>
</FKIndexAssociation>