<?xml version = '1.0' encoding = 'UTF-8'?>
<FKIndexAssociation class="oracle.dbtools.crest.model.design.relational.FKIndexAssociation" directorySegmentName="seg_0" id="73EDAFFE-4D85-CB58-453B-2283EA8E5AD7" containerWithKeyObject="E0C3B0BE-55C3-6845-CE4F-E94A35E23356" localFKIndex="3DC7332F-A9BE-5D17-73DF-446FE613DD15" name="Bodega_sucursal_FK">
<createdBy>Acer</createdBy>
<createdTime>2024-08-29 20:39:20 UTC</createdTime>
<generatorID>8589669C-0CCF-FEF6-18DA-A4AE6C38F74F</generatorID>
<ownerDesignName>SuperAndes Modelado</ownerDesignName>
<referredTableLongName>sucursal</referredTableLongName>
<deleteRule>NO ACTION</deleteRule>
<referredTableID>18E553D0-8B7A-E100-C8C4-88C15E87822B</referredTableID>
<keyObject>48C742A5-D45A-5AC6-FE49-F62FC33B2E3C</keyObject>
<referredKeyID>48C742A5-D45A-5AC6-FE49-F62FC33B2E3C</referredKeyID>
<mandatory>true</mandatory>
<refColNames>id</refColNames>
<transferable>true</transferable>
<rely>false</rely>
<columnDependencyConstraintGenerateInDDL>true</columnDependencyConstraintGenerateInDDL>
</FKIndexAssociation>