<?xml version = '1.0' encoding = 'UTF-8'?>
<FKIndexAssociation class="oracle.dbtools.crest.model.design.relational.FKIndexAssociation" directorySegmentName="seg_0" id="76B161F7-97E5-199D-78D0-251E0BF024E1" containerWithKeyObject="030D3CAF-6433-B514-E91F-3ECE898797BB" localFKIndex="6F44D258-6D0A-49A1-0156-CB777394F827" name="OrdenDeCompra_sucursal_FK">
<createdBy>Acer</createdBy>
<createdTime>2024-08-29 20:39:20 UTC</createdTime>
<generatorID>384D7938-BC8C-89EE-7D72-85F987B20317</generatorID>
<ownerDesignName>SuperAndes Modelado</ownerDesignName>
<referredTableLongName>sucursal</referredTableLongName>
<deleteRule>NO ACTION</deleteRule>
<referredTableID>18E553D0-8B7A-E100-C8C4-88C15E87822B</referredTableID>
<keyObject>48C742A5-D45A-5AC6-FE49-F62FC33B2E3C</keyObject>
<referredKeyID>48C742A5-D45A-5AC6-FE49-F62FC33B2E3C</referredKeyID>
<mandatory>true</mandatory>
<refColNames>id</refColNames>
<transferable>true</transferable>
<rely>false</rely>
<columnDependencyConstraintGenerateInDDL>true</columnDependencyConstraintGenerateInDDL>
</FKIndexAssociation>