<?xml version = '1.0' encoding = 'UTF-8'?>
<FKIndexAssociation class="oracle.dbtools.crest.model.design.relational.FKIndexAssociation" directorySegmentName="seg_0" id="8B6269EB-1E7D-BB27-EEBF-E4B4590E2257" containerWithKeyObject="9DCEE563-2917-E0D6-6ECA-AB9F43FF040C" localFKIndex="791AB3F2-785E-F10F-C63F-CBD8BDA785B1" name="almacena_DetalleProducto_FK">
<createdBy>Acer</createdBy>
<createdTime>2024-08-29 20:39:20 UTC</createdTime>
<generatorID>6ED46438-F745-247E-91D0-13DE43C1B155</generatorID>
<ownerDesignName>SuperAndes Modelado</ownerDesignName>
<referredTableLongName>DetalleProducto</referredTableLongName>
<deleteRule>NO ACTION</deleteRule>
<referredTableID>E6A1FFB6-3031-0659-8DCC-274075AA98F0</referredTableID>
<keyObject>97DBB648-B494-05B9-7570-F0BA6CF48BB4</keyObject>
<referredKeyID>97DBB648-B494-05B9-7570-F0BA6CF48BB4</referredKeyID>
<mandatory>true</mandatory>
<refColNames>id</refColNames>
<transferable>true</transferable>
<rely>false</rely>
<columnDependencyConstraintGenerateInDDL>true</columnDependencyConstraintGenerateInDDL>
</FKIndexAssociation>