<?xml version = '1.0' encoding = 'UTF-8'?>
<FKIndexAssociation class="oracle.dbtools.crest.model.design.relational.FKIndexAssociation" directorySegmentName="seg_0" id="9112F127-B36B-310F-42B9-57535C2B4EA9" containerWithKeyObject="71BC3FCC-8C8F-D2AB-2067-AD015EEE6487" localFKIndex="EF9D0FAF-E1B1-03EF-CF09-125EC0061DBD" name="incluye_DetalleProducto_FK">
<createdBy>Acer</createdBy>
<createdTime>2024-08-29 20:39:20 UTC</createdTime>
<generatorID>672E56C6-D301-2365-F070-61530C733F01</generatorID>
<ownerDesignName>SuperAndes Modelado</ownerDesignName>
<referredTableLongName>DetalleProducto</referredTableLongName>
<deleteRule>NO ACTION</deleteRule>
<referredTableID>E6A1FFB6-3031-0659-8DCC-274075AA98F0</referredTableID>
<keyObject>97DBB648-B494-05B9-7570-F0BA6CF48BB4</keyObject>
<referredKeyID>97DBB648-B494-05B9-7570-F0BA6CF48BB4</referredKeyID>
<mandatory>true</mandatory>
<refColNames>id</refColNames>
<transferable>true</transferable>
<rely>false</rely>
<columnDependencyConstraintGenerateInDDL>true</columnDependencyConstraintGenerateInDDL>
</FKIndexAssociation>