<?xml version = '1.0' encoding = 'UTF-8'?>
<FKIndexAssociation class="oracle.dbtools.crest.model.design.relational.FKIndexAssociation" directorySegmentName="seg_0" id="A9E61289-8DD9-7EA7-2972-8AA383958A21" containerWithKeyObject="18E553D0-8B7A-E100-C8C4-88C15E87822B" localFKIndex="59814285-5159-7F4D-5293-3E96ADB50528" name="sucursal_ciudad_FK">
<createdBy>Acer</createdBy>
<createdTime>2024-08-29 20:39:20 UTC</createdTime>
<generatorID>17EFD5DF-9703-4916-3365-29543E0F40F4</generatorID>
<ownerDesignName>SuperAndes Modelado</ownerDesignName>
<referredTableLongName>ciudad</referredTableLongName>
<deleteRule>NO ACTION</deleteRule>
<referredTableID>A09FFA51-780C-A2F6-F2A3-FDFB666E3712</referredTableID>
<keyObject>7ABA3E8D-D049-22D6-4CE3-4BF1F57AD5E8</keyObject>
<referredKeyID>7ABA3E8D-D049-22D6-4CE3-4BF1F57AD5E8</referredKeyID>
<mandatory>true</mandatory>
<refColNames>codigo</refColNames>
<transferable>true</transferable>
<rely>false</rely>
<columnDependencyConstraintGenerateInDDL>true</columnDependencyConstraintGenerateInDDL>
</FKIndexAssociation>