<?xml version = '1.0' encoding = 'UTF-8'?>
<FKIndexAssociation class="oracle.dbtools.crest.model.design.relational.FKIndexAssociation" directorySegmentName="seg_0" id="E689F320-1C71-2578-9558-01EB3023F474" containerWithKeyObject="030D3CAF-6433-B514-E91F-3ECE898797BB" localFKIndex="5C98E5B5-EFDD-5A8D-1F46-F38ECE453D97" name="OrdenDeCompra_Proveedor_FK">
<createdBy>Acer</createdBy>
<createdTime>2024-08-29 20:39:20 UTC</createdTime>
<generatorID>E058718F-BF66-5014-E796-D1ED03FC2257</generatorID>
<ownerDesignName>SuperAndes Modelado</ownerDesignName>
<referredTableLongName>Proveedor</referredTableLongName>
<deleteRule>NO ACTION</deleteRule>
<referredTableID>D1FABD80-C0D3-4747-2780-D1D405EDDE6C</referredTableID>
<keyObject>0254B4F8-B0DB-06D1-5A97-B449D7A02A7D</keyObject>
<referredKeyID>0254B4F8-B0DB-06D1-5A97-B449D7A02A7D</referredKeyID>
<mandatory>true</mandatory>
<refColNames>NIT</refColNames>
<transferable>true</transferable>
<rely>false</rely>
<columnDependencyConstraintGenerateInDDL>true</columnDependencyConstraintGenerateInDDL>
</FKIndexAssociation>